[{"family":"MaterialIcons","fonts":[{"asset":"fonts/MaterialIcons-Regular.otf"}]},{"family":"brandingsf","fonts":[{"asset":"fonts/brandingsf.ttf"}]},{"family":"inter","fonts":[{"asset":"fonts/Inter-Black.ttf"},{"asset":"fonts/Inter-Bold.ttf"},{"asset":"fonts/Inter-ExtraBold.ttf"},{"asset":"fonts/Inter-ExtraLight.ttf"},{"asset":"fonts/Inter-Light.ttf"},{"asset":"fonts/Inter-Medium.ttf"},{"asset":"fonts/Inter-Regular.ttf"},{"asset":"fonts/Inter-SemiBold.ttf"},{"asset":"fonts/Inter-Thin.ttf"}]},{"family":"Montserrat","fonts":[{"asset":"fonts/montserrat-Black.ttf"},{"asset":"fonts/montserrat-Medium.ttf"},{"asset":"fonts/montserrat-Light.ttf"},{"asset":"fonts/montserrat-Bold.ttf"},{"asset":"fonts/montserrat-SemiBold.ttf"}]},{"family":"packages/flutter_vector_icons/AntDesign","fonts":[{"asset":"packages/flutter_vector_icons/fonts/AntDesign.ttf"}]},{"family":"packages/flutter_vector_icons/Entypo","fonts":[{"asset":"packages/flutter_vector_icons/fonts/Entypo.ttf"}]},{"family":"packages/flutter_vector_icons/EvilIcons","fonts":[{"asset":"packages/flutter_vector_icons/fonts/EvilIcons.ttf"}]},{"family":"packages/flutter_vector_icons/Feather","fonts":[{"asset":"packages/flutter_vector_icons/fonts/Feather.ttf"}]},{"family":"packages/flutter_vector_icons/FontAwesome","fonts":[{"asset":"packages/flutter_vector_icons/fonts/FontAwesome.ttf"}]},{"family":"packages/flutter_vector_icons/FontAwesome5_Brands","fonts":[{"asset":"packages/flutter_vector_icons/fonts/FontAwesome5_Brands.ttf"}]},{"family":"packages/flutter_vector_icons/FontAwesome5_Regular","fonts":[{"asset":"packages/flutter_vector_icons/fonts/FontAwesome5_Regular.ttf"}]},{"family":"packages/flutter_vector_icons/FontAwesome5_Solid","fonts":[{"asset":"packages/flutter_vector_icons/fonts/FontAwesome5_Solid.ttf"}]},{"family":"packages/flutter_vector_icons/Fontisto","fonts":[{"asset":"packages/flutter_vector_icons/fonts/Fontisto.ttf"}]},{"family":"packages/flutter_vector_icons/Foundation","fonts":[{"asset":"packages/flutter_vector_icons/fonts/Foundation.ttf"}]},{"family":"packages/flutter_vector_icons/Ionicons","fonts":[{"asset":"packages/flutter_vector_icons/fonts/Ionicons.ttf"}]},{"family":"packages/flutter_vector_icons/MaterialCommunityIcons","fonts":[{"asset":"packages/flutter_vector_icons/fonts/MaterialCommunityIcons.ttf"}]},{"family":"packages/flutter_vector_icons/MaterialIcons","fonts":[{"asset":"packages/flutter_vector_icons/fonts/MaterialIcons.ttf"}]},{"family":"packages/flutter_vector_icons/Octicons","fonts":[{"asset":"packages/flutter_vector_icons/fonts/Octicons.ttf"}]},{"family":"packages/flutter_vector_icons/SimpleLineIcons","fonts":[{"asset":"packages/flutter_vector_icons/fonts/SimpleLineIcons.ttf"}]},{"family":"packages/flutter_vector_icons/Zocial","fonts":[{"asset":"packages/flutter_vector_icons/fonts/Zocial.ttf"}]}]