{"assets/.DS_Store":["assets/.DS_Store"],"assets/._.DS_Store":["assets/._.DS_Store"],"assets/._loader.json":["assets/._loader.json"],"assets/images.zip":["assets/images.zip"],"assets/loader.json":["assets/loader.json"],"fonts/Inter-Black.ttf":["fonts/Inter-Black.ttf"],"fonts/Inter-Bold.ttf":["fonts/Inter-Bold.ttf"],"fonts/Inter-ExtraBold.ttf":["fonts/Inter-ExtraBold.ttf"],"fonts/Inter-ExtraLight.ttf":["fonts/Inter-ExtraLight.ttf"],"fonts/Inter-Light.ttf":["fonts/Inter-Light.ttf"],"fonts/Inter-Medium.ttf":["fonts/Inter-Medium.ttf"],"fonts/Inter-Regular.ttf":["fonts/Inter-Regular.ttf"],"fonts/Inter-SemiBold.ttf":["fonts/Inter-SemiBold.ttf"],"fonts/Inter-Thin.ttf":["fonts/Inter-Thin.ttf"],"fonts/brandingsf.ttf":["fonts/brandingsf.ttf"],"fonts/montserrat-Black.ttf":["fonts/montserrat-Black.ttf"],"fonts/montserrat-Bold.ttf":["fonts/montserrat-Bold.ttf"],"fonts/montserrat-Light.ttf":["fonts/montserrat-Light.ttf"],"fonts/montserrat-Medium.ttf":["fonts/montserrat-Medium.ttf"],"fonts/montserrat-SemiBold.ttf":["fonts/montserrat-SemiBold.ttf"],"packages/flutter_vector_icons/fonts/AntDesign.ttf":["packages/flutter_vector_icons/fonts/AntDesign.ttf"],"packages/flutter_vector_icons/fonts/Entypo.ttf":["packages/flutter_vector_icons/fonts/Entypo.ttf"],"packages/flutter_vector_icons/fonts/EvilIcons.ttf":["packages/flutter_vector_icons/fonts/EvilIcons.ttf"],"packages/flutter_vector_icons/fonts/Feather.ttf":["packages/flutter_vector_icons/fonts/Feather.ttf"],"packages/flutter_vector_icons/fonts/FontAwesome.ttf":["packages/flutter_vector_icons/fonts/FontAwesome.ttf"],"packages/flutter_vector_icons/fonts/FontAwesome5_Brands.ttf":["packages/flutter_vector_icons/fonts/FontAwesome5_Brands.ttf"],"packages/flutter_vector_icons/fonts/FontAwesome5_Regular.ttf":["packages/flutter_vector_icons/fonts/FontAwesome5_Regular.ttf"],"packages/flutter_vector_icons/fonts/FontAwesome5_Solid.ttf":["packages/flutter_vector_icons/fonts/FontAwesome5_Solid.ttf"],"packages/flutter_vector_icons/fonts/Fontisto.ttf":["packages/flutter_vector_icons/fonts/Fontisto.ttf"],"packages/flutter_vector_icons/fonts/Foundation.ttf":["packages/flutter_vector_icons/fonts/Foundation.ttf"],"packages/flutter_vector_icons/fonts/Ionicons.ttf":["packages/flutter_vector_icons/fonts/Ionicons.ttf"],"packages/flutter_vector_icons/fonts/MaterialCommunityIcons.ttf":["packages/flutter_vector_icons/fonts/MaterialCommunityIcons.ttf"],"packages/flutter_vector_icons/fonts/MaterialIcons.ttf":["packages/flutter_vector_icons/fonts/MaterialIcons.ttf"],"packages/flutter_vector_icons/fonts/Octicons.ttf":["packages/flutter_vector_icons/fonts/Octicons.ttf"],"packages/flutter_vector_icons/fonts/SimpleLineIcons.ttf":["packages/flutter_vector_icons/fonts/SimpleLineIcons.ttf"],"packages/flutter_vector_icons/fonts/Zocial.ttf":["packages/flutter_vector_icons/fonts/Zocial.ttf"],"packages/fluttertoast/assets/toastify.css":["packages/fluttertoast/assets/toastify.css"],"packages/fluttertoast/assets/toastify.js":["packages/fluttertoast/assets/toastify.js"]}