{"v":"5.5.10","fr":29.9700012207031,"ip":0,"op":122.000004969162,"w":450,"h":450,"nm":"ketmonbek","ddd":0,"assets":[],"layers":[{"ddd":0,"ind":1,"ty":4,"nm":"chelover/detalbek Outlines","sr":1,"ks":{"o":{"a":0,"k":100,"ix":11},"r":{"a":0,"k":0,"ix":10},"p":{"a":0,"k":[272,235.875,0],"ix":2},"a":{"a":0,"k":[268.5,237.875,0],"ix":1},"s":{"a":0,"k":[100,100,100],"ix":6}},"ao":0,"shapes":[{"ty":"gr","it":[{"ty":"gr","it":[{"ind":0,"ty":"sh","ix":1,"ks":{"a":0,"k":{"i":[[-0.055,0.109],[0,0],[0,0],[0,0],[0,0],[0,0],[0.094,-0.447],[1.331,-0.492],[0.152,0.64],[0,0],[0.076,0.365],[-0.214,0.809],[0,0],[0,0],[0,0],[0,0],[0,0],[-0.212,-1.027],[-0.092,-0.391],[0,0],[-0.116,-0.708],[0,0],[0,0],[0,0],[0,0],[0,0],[0,0],[0,0],[0,0],[0,0],[-0.79,-0.523],[-0.39,-0.233],[0,0],[0,0],[-0.437,-0.298],[0,0],[0,0],[0,0],[0,0],[0,0],[0.433,0.258],[0,0],[0.365,0.242],[0.568,0.786],[-1.148,0.754],[0,0],[0,0],[0,0],[0,0],[0,0],[0,0]],"o":[[0,0],[0,0],[0,0],[0,0],[0,0],[-0.071,0.141],[-1.104,0.72],[-0.118,-0.7],[0,0],[-0.091,-0.391],[-0.21,-1.021],[0,0],[0,0],[0,0],[0,0],[0,0],[-0.234,0.884],[0.077,0.374],[0,0],[0.154,0.655],[0,0],[0,0],[0,0],[0,0],[0,0],[0,0],[0,0],[0,0],[0,0],[0.608,0.865],[0.372,0.246],[0,0],[0,0],[0.433,0.258],[0,0],[0,0],[0,0],[0,0],[0,0],[-0.444,-0.304],[0,0],[-0.392,-0.234],[-0.75,-0.496],[1.362,-0.504],[0,0],[0,0],[0,0],[0,0],[0,0],[0,0],[0.101,-0.488]],"v":[[2.105,-1.262],[2.152,-1.356],[2.055,-1.398],[1.951,-1.443],[1.863,-1.48],[1.822,-1.396],[1.595,-0.639],[-1.733,1.007],[-2.161,-1.008],[-2.161,-1.01],[-2.417,-2.145],[-2.516,-4.884],[-2.488,-4.988],[-2.594,-5.007],[-2.707,-5.029],[-2.798,-5.048],[-2.822,-4.958],[-2.728,-2.076],[-2.469,-0.927],[-2.469,-0.926],[-2.038,1.117],[-2.056,1.124],[-2.025,1.217],[-2.018,1.24],[-2.016,1.245],[-2.013,1.268],[-2.003,1.283],[-1.991,1.322],[-1.957,1.42],[-1.919,1.406],[0.212,3.391],[1.359,4.101],[1.361,4.101],[1.48,4.173],[2.786,4.993],[2.865,5.048],[2.922,4.971],[2.993,4.878],[3.057,4.794],[2.97,4.734],[1.648,3.904],[1.53,3.833],[0.393,3.13],[-1.608,1.292],[1.822,-0.417],[1.842,-0.43],[1.878,-0.452],[1.887,-0.493],[1.892,-0.518],[1.793,-0.538],[1.892,-0.518]],"c":true},"ix":2},"nm":"Path 1","mn":"ADBE Vector Shape - Group","hd":false},{"ty":"st","c":{"a":0,"k":[1,1,1,1],"ix":3},"o":{"a":0,"k":100,"ix":4},"w":{"a":0,"k":0.2,"ix":5},"lc":1,"lj":1,"ml":4,"bm":0,"nm":"Stroke 1","mn":"ADBE Vector Graphic - Stroke","hd":false},{"ty":"fl","c":{"a":0,"k":[1,1,1,1],"ix":4},"o":{"a":0,"k":100,"ix":5},"r":1,"bm":0,"nm":"Fill 1","mn":"ADBE Vector Graphic - Fill","hd":false},{"ty":"tr","p":{"a":0,"k":[283.876,216.612],"ix":2},"a":{"a":0,"k":[0,0],"ix":1},"s":{"a":0,"k":[100,100],"ix":3},"r":{"a":0,"k":0,"ix":6},"o":{"a":0,"k":100,"ix":7},"sk":{"a":0,"k":0,"ix":4},"sa":{"a":0,"k":0,"ix":5},"nm":"Transform"}],"nm":"Group 9","np":3,"cix":2,"bm":0,"ix":1,"mn":"ADBE Vector Group","hd":false},{"ty":"gr","it":[{"ind":0,"ty":"sh","ix":1,"ks":{"a":0,"k":{"i":[[0.215,-1.245],[0,0],[0.479,0.687],[-0.375,0.417]],"o":[[-0.214,1.246],[0.359,-1.066],[-0.477,-0.687],[0.375,-0.418]],"v":[[1.103,0.431],[0.27,2.154],[-0.277,-0.384],[-0.943,-1.736]],"c":true},"ix":2},"nm":"Path 1","mn":"ADBE Vector Shape - Group","hd":false},{"ty":"fl","c":{"a":0,"k":[1,1,1,1],"ix":4},"o":{"a":0,"k":100,"ix":5},"r":1,"bm":0,"nm":"Fill 1","mn":"ADBE Vector Graphic - Fill","hd":false},{"ty":"tr","p":{"a":0,"k":[282.683,214.576],"ix":2},"a":{"a":0,"k":[0,0],"ix":1},"s":{"a":0,"k":[100,100],"ix":3},"r":{"a":0,"k":0,"ix":6},"o":{"a":0,"k":100,"ix":7},"sk":{"a":0,"k":0,"ix":4},"sa":{"a":0,"k":0,"ix":5},"nm":"Transform"}],"nm":"Group 10","np":2,"cix":2,"bm":0,"ix":2,"mn":"ADBE Vector Group","hd":false},{"ty":"gr","it":[{"ind":0,"ty":"sh","ix":1,"ks":{"a":0,"k":{"i":[[-0.673,-0.916],[0,0],[0.93,-0.102],[0.076,0.102],[-0.062,0.299]],"o":[[0.673,0.916],[-0.452,-0.893],[-0.133,0.015],[-0.117,-0.159],[0.1,-0.478]],"v":[[0.595,-0.422],[1.258,1.337],[-0.664,0.288],[-1.005,0.165],[-1.206,-0.563]],"c":true},"ix":2},"nm":"Path 1","mn":"ADBE Vector Shape - Group","hd":false},{"ty":"fl","c":{"a":0,"k":[1,1,1,1],"ix":4},"o":{"a":0,"k":100,"ix":5},"r":1,"bm":0,"nm":"Fill 1","mn":"ADBE Vector Graphic - Fill","hd":false},{"ty":"tr","p":{"a":0,"k":[285.165,218.668],"ix":2},"a":{"a":0,"k":[0,0],"ix":1},"s":{"a":0,"k":[100,100],"ix":3},"r":{"a":0,"k":0,"ix":6},"o":{"a":0,"k":100,"ix":7},"sk":{"a":0,"k":0,"ix":4},"sa":{"a":0,"k":0,"ix":5},"nm":"Transform"}],"nm":"Group 11","np":2,"cix":2,"bm":0,"ix":3,"mn":"ADBE Vector Group","hd":false},{"ty":"gr","it":[{"ind":0,"ty":"sh","ix":1,"ks":{"a":0,"k":{"i":[[0,0],[0,0],[-1.147,-3.019],[-2.061,-1.017],[-1.074,0.66],[1.19,2.706],[1.025,1.14]],"o":[[0,0],[-0.067,2.258],[1.553,1.391],[0.91,-0.475],[0.653,-0.648],[0,0],[-1.024,-1.139]],"v":[[-1.606,-5.63],[-4.476,-4.05],[-3.305,2.573],[1.355,5.63],[3.89,4.186],[3.083,-1.942],[0.556,-4.326]],"c":true},"ix":2},"nm":"Path 1","mn":"ADBE Vector Shape - Group","hd":false},{"ty":"fl","c":{"a":0,"k":[0,0,0,1],"ix":4},"o":{"a":0,"k":100,"ix":5},"r":1,"bm":0,"nm":"Fill 1","mn":"ADBE Vector Graphic - Fill","hd":false},{"ty":"tr","p":{"a":0,"k":[282.732,217.258],"ix":2},"a":{"a":0,"k":[0,0],"ix":1},"s":{"a":0,"k":[100,100],"ix":3},"r":{"a":0,"k":0,"ix":6},"o":{"a":0,"k":100,"ix":7},"sk":{"a":0,"k":0,"ix":4},"sa":{"a":0,"k":0,"ix":5},"nm":"Transform"}],"nm":"Group 12","np":2,"cix":2,"bm":0,"ix":4,"mn":"ADBE Vector Group","hd":false},{"ty":"gr","it":[{"ind":0,"ty":"sh","ix":1,"ks":{"a":0,"k":{"i":[[4.565,-2.667],[-0.088,1.227],[2.16,-1.251],[3.14,1.541],[-0.361,0.483],[-2.181,-1.196]],"o":[[-0.645,1.176],[1.441,-2.275],[-1.915,-2.218],[-0.541,-0.265],[1.119,-1.496],[2.752,0.963]],"v":[[0.753,4.647],[-1.213,4.281],[-2.722,1.458],[-4.516,-2.911],[-4.957,-4.327],[-0.642,-4.258]],"c":true},"ix":2},"nm":"Path 1","mn":"ADBE Vector Shape - Group","hd":false},{"ty":"fl","c":{"a":0,"k":[0.728999956916,0.426999978458,0.26699999641,1],"ix":4},"o":{"a":0,"k":100,"ix":5},"r":1,"bm":0,"nm":"Fill 1","mn":"ADBE Vector Graphic - Fill","hd":false},{"ty":"tr","p":{"a":0,"k":[281.324,219.146],"ix":2},"a":{"a":0,"k":[0,0],"ix":1},"s":{"a":0,"k":[100,100],"ix":3},"r":{"a":0,"k":0,"ix":6},"o":{"a":0,"k":100,"ix":7},"sk":{"a":0,"k":0,"ix":4},"sa":{"a":0,"k":0,"ix":5},"nm":"Transform"}],"nm":"Group 13","np":2,"cix":2,"bm":0,"ix":5,"mn":"ADBE Vector Group","hd":false},{"ty":"gr","it":[{"ind":0,"ty":"sh","ix":1,"ks":{"a":0,"k":{"i":[[1.405,-2.564],[2.257,1.237],[0.332,1.092],[-0.771,1.407],[-2.257,-1.237]],"o":[[-1.404,2.564],[-1.017,-0.558],[-0.404,-1.328],[1.404,-2.564],[2.257,1.236]],"v":[[4.145,2.239],[-2.485,4.642],[-5.146,2.227],[-4.027,-2.239],[2.603,-4.642]],"c":true},"ix":2},"nm":"Path 1","mn":"ADBE Vector Shape - Group","hd":false},{"ty":"fl","c":{"a":0,"k":[0.961000031116,0.702000038297,0.616000007181,1],"ix":4},"o":{"a":0,"k":100,"ix":5},"r":1,"bm":0,"nm":"Fill 1","mn":"ADBE Vector Graphic - Fill","hd":false},{"ty":"tr","p":{"a":0,"k":[278.647,220.424],"ix":2},"a":{"a":0,"k":[0,0],"ix":1},"s":{"a":0,"k":[100,100],"ix":3},"r":{"a":0,"k":0,"ix":6},"o":{"a":0,"k":100,"ix":7},"sk":{"a":0,"k":0,"ix":4},"sa":{"a":0,"k":0,"ix":5},"nm":"Transform"}],"nm":"Group 14","np":2,"cix":2,"bm":0,"ix":6,"mn":"ADBE Vector Group","hd":false},{"ty":"tr","p":{"a":1,"k":[{"i":{"x":0.667,"y":1},"o":{"x":0.333,"y":0},"t":0,"s":[280,218.5],"to":[0.354,0.042],"ti":[0,0]},{"i":{"x":0.667,"y":1},"o":{"x":0.333,"y":0},"t":30,"s":[282.125,218.75],"to":[0,0],"ti":[0,0]},{"i":{"x":0.667,"y":1},"o":{"x":0.333,"y":0},"t":60,"s":[280,218.5],"to":[0,0],"ti":[0,0]},{"i":{"x":0.667,"y":1},"o":{"x":0.333,"y":0},"t":90,"s":[282.125,218.75],"to":[0,0],"ti":[0.354,0.042]},{"t":121.000004928431,"s":[280,218.5]}],"ix":2},"a":{"a":0,"k":[280,218],"ix":1},"s":{"a":0,"k":[100,100],"ix":3},"r":{"a":1,"k":[{"i":{"x":[0.667],"y":[1]},"o":{"x":[0.333],"y":[0]},"t":0,"s":[0]},{"i":{"x":[0.667],"y":[1]},"o":{"x":[0.333],"y":[0]},"t":30,"s":[12.999]},{"i":{"x":[0.667],"y":[1]},"o":{"x":[0.333],"y":[0]},"t":60,"s":[0]},{"i":{"x":[0.667],"y":[1]},"o":{"x":[0.333],"y":[0]},"t":90,"s":[12.999]},{"t":121.000004928431,"s":[0]}],"ix":6},"o":{"a":0,"k":100,"ix":7},"sk":{"a":0,"k":0,"ix":4},"sa":{"a":0,"k":0,"ix":5},"nm":"Transform"}],"nm":"Group 22","np":6,"cix":2,"bm":0,"ix":1,"mn":"ADBE Vector Group","hd":false},{"ty":"gr","it":[{"ty":"gr","it":[{"ind":0,"ty":"sh","ix":1,"ks":{"a":0,"k":{"i":[[-0.062,-0.084],[0,0],[-0.594,0.07],[-0.214,0.594],[0,0],[0.043,0.361],[0,0],[0.63,0.228],[0,0],[0.078,0.006],[0,0],[-0.32,-0.216],[0.153,-0.17],[0,0],[-0.492,-0.389],[0,0]],"o":[[0,0],[0.356,0.481],[0.627,-0.074],[0,0],[0.123,-0.341],[0,0],[-0.077,-0.666],[0,0],[-0.074,-0.028],[0,0],[-0.384,-0.027],[0.191,0.127],[0,0],[-0.417,0.469],[0,0],[0.083,0.065]],"v":[[-1.366,1.315],[-1.078,1.706],[0.457,2.372],[1.829,1.283],[2.052,0.671],[2.174,-0.398],[2.134,-0.747],[0.979,-2.204],[0.858,-2.247],[0.629,-2.297],[-1.092,-2.415],[-1.328,-1.725],[-1.258,-1.161],[-1.801,-0.551],[-1.661,1.029],[-1.586,1.09]],"c":true},"ix":2},"nm":"Path 1","mn":"ADBE Vector Shape - Group","hd":false},{"ty":"fl","c":{"a":0,"k":[0.961000031116,0.702000038297,0.616000007181,1],"ix":4},"o":{"a":0,"k":100,"ix":5},"r":1,"bm":0,"nm":"Fill 1","mn":"ADBE Vector Graphic - Fill","hd":false},{"ty":"tr","p":{"a":0,"k":[277.386,243.739],"ix":2},"a":{"a":0,"k":[0,0],"ix":1},"s":{"a":0,"k":[100,100],"ix":3},"r":{"a":0,"k":0,"ix":6},"o":{"a":0,"k":100,"ix":7},"sk":{"a":0,"k":0,"ix":4},"sa":{"a":0,"k":0,"ix":5},"nm":"Transform"}],"nm":"Group 15","np":2,"cix":2,"bm":0,"ix":1,"mn":"ADBE Vector Group","hd":false},{"ty":"gr","it":[{"ind":0,"ty":"sh","ix":1,"ks":{"a":0,"k":{"i":[[0.378,0.403],[0,0],[0,0],[-0.321,-0.206],[0,0],[0.199,-0.23],[0,0],[-0.164,-0.356],[0,0],[-0.498,0.467],[0,0]],"o":[[0,0],[0,0],[-0.044,0.378],[0,0],[0.256,0.165],[0,0],[-0.256,0.297],[0,0],[0.285,0.619],[0,0],[0.403,-0.378]],"v":[[5.042,-0.684],[-2.981,-9.238],[-3.602,-3.875],[-3.15,-2.92],[0.743,-0.411],[0.851,0.337],[-5.103,7.202],[-5.255,8.275],[-5.17,8.461],[-3.577,8.771],[4.996,0.73]],"c":true},"ix":2},"nm":"Path 1","mn":"ADBE Vector Shape - Group","hd":false},{"ty":"fl","c":{"a":0,"k":[0.094117654539,0.301960784314,0.705882352941,1],"ix":4},"o":{"a":0,"k":100,"ix":5},"r":1,"bm":0,"nm":"Fill 1","mn":"ADBE Vector Graphic - Fill","hd":false},{"ty":"tr","p":{"a":0,"k":[283.727,235.131],"ix":2},"a":{"a":0,"k":[0,0],"ix":1},"s":{"a":0,"k":[100,100],"ix":3},"r":{"a":0,"k":0,"ix":6},"o":{"a":0,"k":100,"ix":7},"sk":{"a":0,"k":0,"ix":4},"sa":{"a":0,"k":0,"ix":5},"nm":"Transform"}],"nm":"Group 16","np":2,"cix":2,"bm":0,"ix":2,"mn":"ADBE Vector Group","hd":false},{"ty":"tr","p":{"a":1,"k":[{"i":{"x":0.667,"y":1},"o":{"x":0.333,"y":0},"t":0,"s":[282.174,236.008],"to":[0.083,0],"ti":[0.417,0]},{"i":{"x":0.667,"y":1},"o":{"x":0.333,"y":0},"t":30,"s":[282.674,236.008],"to":[-0.417,0],"ti":[0,0]},{"i":{"x":0.667,"y":1},"o":{"x":0.333,"y":0},"t":59,"s":[279.674,236.008],"to":[0,0],"ti":[-0.417,0]},{"i":{"x":0.667,"y":1},"o":{"x":0.333,"y":0},"t":90,"s":[282.674,236.008],"to":[0.417,0],"ti":[0.083,0]},{"t":120.0000048877,"s":[282.174,236.008]}],"ix":2},"a":{"a":0,"k":[282.174,236.008],"ix":1},"s":{"a":0,"k":[100,100],"ix":3},"r":{"a":1,"k":[{"i":{"x":[0.667],"y":[1]},"o":{"x":[0.333],"y":[0]},"t":0,"s":[0]},{"i":{"x":[0.667],"y":[1]},"o":{"x":[0.333],"y":[0]},"t":30,"s":[-11.441]},{"i":{"x":[0.667],"y":[1]},"o":{"x":[0.333],"y":[0]},"t":59,"s":[15.503]},{"i":{"x":[0.667],"y":[1]},"o":{"x":[0.333],"y":[0]},"t":90,"s":[-11.441]},{"t":120.0000048877,"s":[0]}],"ix":6},"o":{"a":0,"k":100,"ix":7},"sk":{"a":0,"k":0,"ix":4},"sa":{"a":0,"k":0,"ix":5},"nm":"Transform"}],"nm":"Group 23","np":2,"cix":2,"bm":0,"ix":2,"mn":"ADBE Vector Group","hd":false},{"ty":"gr","it":[{"ty":"gr","it":[{"ind":0,"ty":"sh","ix":1,"ks":{"a":0,"k":{"i":[[-0.75,0.688],[0.25,-1.813],[0,0],[0.25,-2.125],[-1.125,-0.125],[1.813,1.094],[0,0],[0,0],[0,0]],"o":[[0.75,-0.688],[-0.25,1.813],[0,0],[-0.12,1.024],[1.125,0.125],[-0.313,-1.234],[0,0],[0,0],[0,0]],"v":[[52.75,-10.188],[41.5,-3.938],[48.25,3],[43.125,21.25],[57.375,23.875],[59.125,-1],[52,-2.188],[47.375,-3],[53.75,-7.5]],"c":true},"ix":2},"nm":"Path 1","mn":"ADBE Vector Shape - Group","hd":false},{"ty":"st","c":{"a":0,"k":[1,1,1,1],"ix":3},"o":{"a":0,"k":100,"ix":4},"w":{"a":0,"k":0,"ix":5},"lc":1,"lj":1,"ml":4,"bm":0,"nm":"Stroke 1","mn":"ADBE Vector Graphic - Stroke","hd":false},{"ty":"fl","c":{"a":0,"k":[0.094117654539,0.301960784314,0.705882352941,1],"ix":4},"o":{"a":0,"k":100,"ix":5},"r":1,"bm":0,"nm":"Fill 1","mn":"ADBE Vector Graphic - Fill","hd":false},{"ty":"tr","p":{"a":0,"k":[-50.25,-37],"ix":2},"a":{"a":0,"k":[0,0],"ix":1},"s":{"a":0,"k":[100,100],"ix":3},"r":{"a":0,"k":0,"ix":6},"o":{"a":0,"k":100,"ix":7},"sk":{"a":0,"k":0,"ix":4},"sa":{"a":0,"k":0,"ix":5},"nm":"Transform"}],"nm":"Shape 1","np":3,"cix":2,"bm":0,"ix":1,"mn":"ADBE Vector Group","hd":false},{"ty":"gr","it":[{"ind":0,"ty":"sh","ix":1,"ks":{"a":0,"k":{"i":[[-0.062,-0.084],[0,0],[-0.594,0.07],[-0.214,0.594],[0,0],[0.043,0.361],[0,0],[0.63,0.228],[0,0],[0.078,0.006],[0,0],[-0.32,-0.216],[0.153,-0.17],[0,0],[-0.492,-0.389],[0,0]],"o":[[0,0],[0.356,0.481],[0.627,-0.074],[0,0],[0.123,-0.341],[0,0],[-0.077,-0.666],[0,0],[-0.074,-0.028],[0,0],[-0.384,-0.027],[0.191,0.127],[0,0],[-0.417,0.469],[0,0],[0.083,0.065]],"v":[[-1.366,1.315],[-1.078,1.706],[0.457,2.372],[1.829,1.283],[2.052,0.671],[2.174,-0.398],[2.134,-0.747],[0.979,-2.204],[0.858,-2.247],[0.629,-2.297],[-1.092,-2.415],[-1.328,-1.725],[-1.258,-1.161],[-1.801,-0.551],[-1.661,1.029],[-1.586,1.09]],"c":true},"ix":2},"nm":"Path 1","mn":"ADBE Vector Shape - Group","hd":false},{"ty":"fl","c":{"a":0,"k":[0.961000031116,0.702000038297,0.616000007181,1],"ix":4},"o":{"a":0,"k":100,"ix":5},"r":1,"bm":0,"nm":"Fill 1","mn":"ADBE Vector Graphic - Fill","hd":false},{"ty":"tr","p":{"a":0,"k":[4.198,-46.323],"ix":2},"a":{"a":0,"k":[0,0],"ix":1},"s":{"a":0,"k":[100,100],"ix":3},"r":{"a":0,"k":507.15,"ix":6},"o":{"a":0,"k":100,"ix":7},"sk":{"a":0,"k":0,"ix":4},"sa":{"a":0,"k":0,"ix":5},"nm":"Transform"}],"nm":"Group 15","np":2,"cix":2,"bm":0,"ix":2,"mn":"ADBE Vector Group","hd":false},{"ty":"tr","p":{"a":0,"k":[271.875,234.094],"ix":2},"a":{"a":0,"k":[-0.375,-30.031],"ix":1},"s":{"a":0,"k":[100,100],"ix":3},"r":{"a":0,"k":0,"ix":6},"o":{"a":0,"k":100,"ix":7},"sk":{"a":0,"k":0,"ix":4},"sa":{"a":0,"k":0,"ix":5},"nm":"Transform"}],"nm":"Group 24","np":2,"cix":2,"bm":0,"ix":3,"mn":"ADBE Vector Group","hd":false},{"ty":"gr","it":[{"ind":0,"ty":"sh","ix":1,"ks":{"a":0,"k":{"i":[[-0.07,0.227],[0,0],[0,0],[0,0],[0,-0.48],[0,0],[0.552,0],[0,0],[0.028,0.531],[0,0]],"o":[[0,0],[0,0],[0,0],[-0.315,0.364],[0,0],[0,0.552],[0,0],[-0.531,0],[0,0],[-0.013,-0.237]],"v":[[-8.647,-2.343],[-4.253,-16.5],[8.747,-16.089],[-3.765,-1.653],[-4.253,-0.343],[-4.253,15.5],[-5.253,16.5],[-6.806,16.5],[-7.804,15.553],[-8.734,-1.642]],"c":true},"ix":2},"nm":"Path 1","mn":"ADBE Vector Shape - Group","hd":false},{"ty":"fl","c":{"a":0,"k":[0.046999998654,0.497999991623,0.885999971278,1],"ix":4},"o":{"a":0,"k":100,"ix":5},"r":1,"bm":0,"nm":"Fill 1","mn":"ADBE Vector Graphic - Fill","hd":false},{"ty":"tr","p":{"a":0,"k":[269.889,265.697],"ix":2},"a":{"a":0,"k":[0,0],"ix":1},"s":{"a":0,"k":[100,100],"ix":3},"r":{"a":0,"k":0,"ix":6},"o":{"a":0,"k":100,"ix":7},"sk":{"a":0,"k":0,"ix":4},"sa":{"a":0,"k":0,"ix":5},"nm":"Transform"}],"nm":"Group 18","np":2,"cix":2,"bm":0,"ix":4,"mn":"ADBE Vector Group","hd":false},{"ty":"gr","it":[{"ind":0,"ty":"sh","ix":1,"ks":{"a":0,"k":{"i":[[-0.96,0.431],[-0.047,0.011],[0,0],[-0.046,0.014],[-0.114,-0.006],[0,0],[-0.169,-0.297],[0,0],[0.768,0.003],[0,0]],"o":[[0.044,-0.02],[0,0],[0.048,-0.011],[0.108,-0.031],[0,0],[0.342,0.018],[0,0],[0.378,0.669],[0,0],[-1.086,-0.005]],"v":[[-4.073,-0.404],[-3.935,-0.447],[0.674,-1.447],[0.814,-1.485],[1.148,-1.524],[3.303,-1.414],[4.122,-0.908],[4.655,0.034],[3.78,1.528],[-3.66,1.505]],"c":true},"ix":2},"nm":"Path 1","mn":"ADBE Vector Shape - Group","hd":false},{"ty":"fl","c":{"a":0,"k":[0.125,0.298000021542,0.545000023935,1],"ix":4},"o":{"a":0,"k":100,"ix":5},"r":1,"bm":0,"nm":"Fill 1","mn":"ADBE Vector Graphic - Fill","hd":false},{"ty":"tr","p":{"a":0,"k":[261.622,283.212],"ix":2},"a":{"a":0,"k":[0,0],"ix":1},"s":{"a":0,"k":[100,100],"ix":3},"r":{"a":0,"k":0,"ix":6},"o":{"a":0,"k":100,"ix":7},"sk":{"a":0,"k":0,"ix":4},"sa":{"a":0,"k":0,"ix":5},"nm":"Transform"}],"nm":"Group 19","np":2,"cix":2,"bm":0,"ix":5,"mn":"ADBE Vector Group","hd":false},{"ty":"gr","it":[{"ind":0,"ty":"sh","ix":1,"ks":{"a":0,"k":{"i":[[0.008,0.219],[0,0],[0,0],[0,0],[-0.092,-0.328],[0,0],[0.368,-0.239],[0,0],[0.228,0.595],[0,0]],"o":[[0,0],[0,0],[0,0],[-0.077,0.332],[0,0],[0.121,0.422],[0,0],[-0.534,0.348],[0,0],[-0.078,-0.205]],"v":[[-4.366,-1.605],[-4.833,-14.304],[4.108,-15.324],[0.845,-1.353],[0.868,-0.348],[4.712,13.112],[4.297,14.224],[3.143,14.975],[1.663,14.495],[-4.237,-0.965]],"c":true},"ix":2},"nm":"Path 1","mn":"ADBE Vector Shape - Group","hd":false},{"ty":"fl","c":{"a":0,"k":[0.081999999402,0.352999997606,0.694000004787,1],"ix":4},"o":{"a":0,"k":100,"ix":5},"r":1,"bm":0,"nm":"Fill 1","mn":"ADBE Vector Graphic - Fill","hd":false},{"ty":"tr","p":{"a":0,"k":[273.963,265.068],"ix":2},"a":{"a":0,"k":[0,0],"ix":1},"s":{"a":0,"k":[100,100],"ix":3},"r":{"a":0,"k":0,"ix":6},"o":{"a":0,"k":100,"ix":7},"sk":{"a":0,"k":0,"ix":4},"sa":{"a":0,"k":0,"ix":5},"nm":"Transform"}],"nm":"Group 20","np":2,"cix":2,"bm":0,"ix":6,"mn":"ADBE Vector Group","hd":false},{"ty":"gr","it":[{"ind":0,"ty":"sh","ix":1,"ks":{"a":0,"k":{"i":[[-1.195,2.08],[0,0],[-0.117,0.07],[0,0],[-0.305,-0.154],[0,0],[0.639,-0.426],[0,0]],"o":[[0,0],[0.08,-0.111],[0,0],[0.293,-0.176],[0,0],[0.688,0.344],[0,0],[-0.925,0.616]],"v":[[-2.669,0.944],[-0.962,-1.447],[-0.663,-1.723],[1.188,-2.833],[2.149,-2.87],[3.117,-2.387],[3.225,-0.66],[-1.302,2.358]],"c":true},"ix":2},"nm":"Path 1","mn":"ADBE Vector Shape - Group","hd":false},{"ty":"fl","c":{"a":0,"k":[0.125,0.298000021542,0.545000023935,1],"ix":4},"o":{"a":0,"k":100,"ix":5},"r":1,"bm":0,"nm":"Fill 1","mn":"ADBE Vector Graphic - Fill","hd":false},{"ty":"tr","p":{"a":0,"k":[277.001,281.721],"ix":2},"a":{"a":0,"k":[0,0],"ix":1},"s":{"a":0,"k":[100,100],"ix":3},"r":{"a":0,"k":0,"ix":6},"o":{"a":0,"k":100,"ix":7},"sk":{"a":0,"k":0,"ix":4},"sa":{"a":0,"k":0,"ix":5},"nm":"Transform"}],"nm":"Group 21","np":2,"cix":2,"bm":0,"ix":7,"mn":"ADBE Vector Group","hd":false}],"ip":0,"op":900.000036657751,"st":0,"bm":0},{"ddd":0,"ind":2,"ty":4,"nm":"paper1/detalbek Outlines","sr":1,"ks":{"o":{"a":0,"k":100,"ix":11},"r":{"a":1,"k":[{"i":{"x":[0.667],"y":[1]},"o":{"x":[0.333],"y":[0]},"t":5,"s":[-0.21]},{"i":{"x":[0.667],"y":[1]},"o":{"x":[0.333],"y":[0]},"t":35,"s":[6.79]},{"i":{"x":[0.667],"y":[1]},"o":{"x":[0.333],"y":[0]},"t":65,"s":[-4.21]},{"i":{"x":[0.667],"y":[1]},"o":{"x":[0.333],"y":[0]},"t":95,"s":[6.79]},{"t":125.000005091354,"s":[-0.21]}],"ix":10},"p":{"a":1,"k":[{"i":{"x":0.667,"y":1},"o":{"x":0.333,"y":0},"t":0,"s":[230,220.242,0],"to":[0,-2.5,0],"ti":[0,0,0]},{"i":{"x":0.667,"y":1},"o":{"x":0.333,"y":0},"t":30,"s":[230,205.242,0],"to":[0,0,0],"ti":[0,0,0]},{"i":{"x":0.667,"y":1},"o":{"x":0.333,"y":0},"t":60,"s":[230,220.242,0],"to":[0,0,0],"ti":[0,0,0]},{"i":{"x":0.667,"y":1},"o":{"x":0.333,"y":0},"t":90,"s":[230,205.242,0],"to":[0,0,0],"ti":[0,-2.5,0]},{"t":120.0000048877,"s":[230,220.242,0]}],"ix":2},"a":{"a":0,"k":[225,225,0],"ix":1},"s":{"a":0,"k":[100,100,100],"ix":6}},"ao":0,"shapes":[{"ty":"gr","it":[{"ty":"gr","it":[{"ind":0,"ty":"sh","ix":1,"ks":{"a":0,"k":{"i":[[-0.022,-2.209],[2.209,-0.022],[0.022,2.209],[-2.209,0.022]],"o":[[0.022,2.209],[-2.209,0.022],[-0.022,-2.209],[2.209,-0.022]],"v":[[4,-0.04],[0.041,4],[-4,0.04],[-0.04,-4]],"c":true},"ix":2},"nm":"Path 1","mn":"ADBE Vector Shape - Group","hd":false},{"ty":"fl","c":{"a":0,"k":[1,1,1,1],"ix":4},"o":{"a":0,"k":100,"ix":5},"r":1,"bm":0,"nm":"Fill 1","mn":"ADBE Vector Graphic - Fill","hd":false},{"ty":"tr","p":{"a":0,"k":[149.05,206.846],"ix":2},"a":{"a":0,"k":[0,0],"ix":1},"s":{"a":0,"k":[100,100],"ix":3},"r":{"a":0,"k":0,"ix":6},"o":{"a":0,"k":100,"ix":7},"sk":{"a":0,"k":0,"ix":4},"sa":{"a":0,"k":0,"ix":5},"nm":"Transform"}],"nm":"Group 1","np":2,"cix":2,"bm":0,"ix":1,"mn":"ADBE Vector Group","hd":false},{"ty":"gr","it":[{"ind":0,"ty":"sh","ix":1,"ks":{"a":0,"k":{"i":[[-0.022,-2.209],[2.209,-0.022],[0.022,2.209],[-2.209,0.022]],"o":[[0.022,2.209],[-2.209,0.022],[-0.022,-2.209],[2.209,-0.022]],"v":[[4,-0.041],[0.04,3.999],[-4,0.041],[-0.04,-3.999]],"c":true},"ix":2},"nm":"Path 1","mn":"ADBE Vector Shape - Group","hd":false},{"ty":"fl","c":{"a":0,"k":[1,1,1,1],"ix":4},"o":{"a":0,"k":100,"ix":5},"r":1,"bm":0,"nm":"Fill 1","mn":"ADBE Vector Graphic - Fill","hd":false},{"ty":"tr","p":{"a":0,"k":[145.849,187.252],"ix":2},"a":{"a":0,"k":[0,0],"ix":1},"s":{"a":0,"k":[100,100],"ix":3},"r":{"a":0,"k":0,"ix":6},"o":{"a":0,"k":100,"ix":7},"sk":{"a":0,"k":0,"ix":4},"sa":{"a":0,"k":0,"ix":5},"nm":"Transform"}],"nm":"Group 2","np":2,"cix":2,"bm":0,"ix":2,"mn":"ADBE Vector Group","hd":false},{"ty":"gr","it":[{"ind":0,"ty":"sh","ix":1,"ks":{"a":0,"k":{"i":[[-0.022,-2.209],[2.209,-0.022],[0.023,2.209],[-2.209,0.021]],"o":[[0.022,2.209],[-2.209,0.022],[-0.021,-2.209],[2.209,-0.023]],"v":[[4,-0.04],[0.04,4],[-4,0.041],[-0.04,-3.999]],"c":true},"ix":2},"nm":"Path 1","mn":"ADBE Vector Shape - Group","hd":false},{"ty":"fl","c":{"a":0,"k":[1,1,1,1],"ix":4},"o":{"a":0,"k":100,"ix":5},"r":1,"bm":0,"nm":"Fill 1","mn":"ADBE Vector Graphic - Fill","hd":false},{"ty":"tr","p":{"a":0,"k":[142.648,166.908],"ix":2},"a":{"a":0,"k":[0,0],"ix":1},"s":{"a":0,"k":[100,100],"ix":3},"r":{"a":0,"k":0,"ix":6},"o":{"a":0,"k":100,"ix":7},"sk":{"a":0,"k":0,"ix":4},"sa":{"a":0,"k":0,"ix":5},"nm":"Transform"}],"nm":"Group 3","np":2,"cix":2,"bm":0,"ix":3,"mn":"ADBE Vector Group","hd":false},{"ty":"gr","it":[{"ind":0,"ty":"sh","ix":1,"ks":{"a":0,"k":{"i":[[-0.022,-2.209],[2.209,-0.022],[0.022,2.209],[-2.209,0.021]],"o":[[0.022,2.209],[-2.209,0.022],[-0.022,-2.209],[2.209,-0.023]],"v":[[4,-0.04],[0.04,4],[-4,0.041],[-0.04,-3.999]],"c":true},"ix":2},"nm":"Path 1","mn":"ADBE Vector Shape - Group","hd":false},{"ty":"fl","c":{"a":0,"k":[1,1,1,1],"ix":4},"o":{"a":0,"k":100,"ix":5},"r":1,"bm":0,"nm":"Fill 1","mn":"ADBE Vector Graphic - Fill","hd":false},{"ty":"tr","p":{"a":0,"k":[139.438,145.939],"ix":2},"a":{"a":0,"k":[0,0],"ix":1},"s":{"a":0,"k":[100,100],"ix":3},"r":{"a":0,"k":0,"ix":6},"o":{"a":0,"k":100,"ix":7},"sk":{"a":0,"k":0,"ix":4},"sa":{"a":0,"k":0,"ix":5},"nm":"Transform"}],"nm":"Group 4","np":2,"cix":2,"bm":0,"ix":4,"mn":"ADBE Vector Group","hd":false},{"ty":"gr","it":[{"ind":0,"ty":"sh","ix":1,"ks":{"a":0,"k":{"i":[[0.017,1.657],[-1.657,0.017],[0,0],[-0.017,-1.657],[1.658,-0.017],[0,0]],"o":[[-0.017,-1.657],[0,0],[1.657,-0.017],[0.017,1.657],[0,0],[-1.657,0.016]],"v":[[-25.979,2.261],[-23.009,-0.769],[22.948,-5.23],[25.979,-2.26],[23.008,0.77],[-22.949,5.231]],"c":true},"ix":2},"nm":"Path 1","mn":"ADBE Vector Shape - Group","hd":false},{"ty":"fl","c":{"a":0,"k":[1,1,1,1],"ix":4},"o":{"a":0,"k":100,"ix":5},"r":1,"bm":0,"nm":"Fill 1","mn":"ADBE Vector Graphic - Fill","hd":false},{"ty":"tr","p":{"a":0,"k":[183.018,203.504],"ix":2},"a":{"a":0,"k":[0,0],"ix":1},"s":{"a":0,"k":[100,100],"ix":3},"r":{"a":0,"k":0,"ix":6},"o":{"a":0,"k":100,"ix":7},"sk":{"a":0,"k":0,"ix":4},"sa":{"a":0,"k":0,"ix":5},"nm":"Transform"}],"nm":"Group 5","np":2,"cix":2,"bm":0,"ix":5,"mn":"ADBE Vector Group","hd":false},{"ty":"gr","it":[{"ind":0,"ty":"sh","ix":1,"ks":{"a":0,"k":{"i":[[0.017,1.657],[-1.658,0.017],[0,0],[-0.017,-1.657],[1.657,-0.017],[0,0]],"o":[[-0.017,-1.657],[0,0],[1.657,-0.017],[0.016,1.657],[0,0],[-1.657,0.016]],"v":[[-26.473,2.766],[-23.503,-0.264],[23.444,-5.736],[26.474,-2.766],[23.504,0.264],[-23.443,5.736]],"c":true},"ix":2},"nm":"Path 1","mn":"ADBE Vector Shape - Group","hd":false},{"ty":"fl","c":{"a":0,"k":[1,1,1,1],"ix":4},"o":{"a":0,"k":100,"ix":5},"r":1,"bm":0,"nm":"Fill 1","mn":"ADBE Vector Graphic - Fill","hd":false},{"ty":"tr","p":{"a":0,"k":[180.312,183.03],"ix":2},"a":{"a":0,"k":[0,0],"ix":1},"s":{"a":0,"k":[100,100],"ix":3},"r":{"a":0,"k":0,"ix":6},"o":{"a":0,"k":100,"ix":7},"sk":{"a":0,"k":0,"ix":4},"sa":{"a":0,"k":0,"ix":5},"nm":"Transform"}],"nm":"Group 6","np":2,"cix":2,"bm":0,"ix":6,"mn":"ADBE Vector Group","hd":false},{"ty":"gr","it":[{"ind":0,"ty":"sh","ix":1,"ks":{"a":0,"k":{"i":[[0.017,1.657],[-1.657,0.017],[0,0],[-0.017,-1.657],[1.657,-0.017],[0,0]],"o":[[-0.017,-1.657],[0,0],[1.657,-0.017],[0.017,1.657],[0,0],[-1.657,0.016]],"v":[[-26.478,2.266],[-23.508,-0.764],[23.449,-5.236],[26.479,-2.266],[23.509,0.764],[-23.448,5.236]],"c":true},"ix":2},"nm":"Path 1","mn":"ADBE Vector Shape - Group","hd":false},{"ty":"fl","c":{"a":0,"k":[1,1,1,1],"ix":4},"o":{"a":0,"k":100,"ix":5},"r":1,"bm":0,"nm":"Fill 1","mn":"ADBE Vector Graphic - Fill","hd":false},{"ty":"tr","p":{"a":0,"k":[177.106,162.561],"ix":2},"a":{"a":0,"k":[0,0],"ix":1},"s":{"a":0,"k":[100,100],"ix":3},"r":{"a":0,"k":0,"ix":6},"o":{"a":0,"k":100,"ix":7},"sk":{"a":0,"k":0,"ix":4},"sa":{"a":0,"k":0,"ix":5},"nm":"Transform"}],"nm":"Group 7","np":2,"cix":2,"bm":0,"ix":7,"mn":"ADBE Vector Group","hd":false},{"ty":"gr","it":[{"ind":0,"ty":"sh","ix":1,"ks":{"a":0,"k":{"i":[[0.017,1.657],[-1.657,0.017],[0,0],[-0.017,-1.657],[1.657,-0.016],[0,0]],"o":[[-0.017,-1.657],[0,0],[1.656,-0.017],[0.017,1.656],[0,0],[-1.657,0.016]],"v":[[-26.979,2.271],[-24.01,-0.759],[23.948,-5.241],[26.979,-2.271],[24.008,0.759],[-23.949,5.241]],"c":true},"ix":2},"nm":"Path 1","mn":"ADBE Vector Shape - Group","hd":false},{"ty":"fl","c":{"a":0,"k":[1,1,1,1],"ix":4},"o":{"a":0,"k":100,"ix":5},"r":1,"bm":0,"nm":"Fill 1","mn":"ADBE Vector Graphic - Fill","hd":false},{"ty":"tr","p":{"a":0,"k":[174.406,142.587],"ix":2},"a":{"a":0,"k":[0,0],"ix":1},"s":{"a":0,"k":[100,100],"ix":3},"r":{"a":0,"k":0,"ix":6},"o":{"a":0,"k":100,"ix":7},"sk":{"a":0,"k":0,"ix":4},"sa":{"a":0,"k":0,"ix":5},"nm":"Transform"}],"nm":"Group 8","np":2,"cix":2,"bm":0,"ix":8,"mn":"ADBE Vector Group","hd":false},{"ty":"tr","p":{"a":0,"k":[173.717,180.596],"ix":2},"a":{"a":0,"k":[172.217,174.096],"ix":1},"s":{"a":0,"k":[100,100],"ix":3},"r":{"a":0,"k":0,"ix":6},"o":{"a":0,"k":100,"ix":7},"sk":{"a":0,"k":0,"ix":4},"sa":{"a":0,"k":0,"ix":5},"nm":"Transform"}],"nm":"Group 22","np":8,"cix":2,"bm":0,"ix":1,"mn":"ADBE Vector Group","hd":false},{"ty":"gr","it":[{"ind":0,"ty":"sh","ix":1,"ks":{"a":0,"k":{"i":[[0,0],[1.149,6.786],[0,0],[9.209,-1.004]],"o":[[5.755,-5.735],[0,0],[-0.578,9.246],[0,0]],"v":[[-41.75,12.5],[-35.75,-3.5],[41.75,-12.5],[24.813,5.238]],"c":true},"ix":2},"nm":"Path 1","mn":"ADBE Vector Shape - Group","hd":false},{"ty":"fl","c":{"a":0,"k":[0.777823953068,0.797486967199,0.819607843137,1],"ix":4},"o":{"a":0,"k":100,"ix":5},"r":1,"bm":0,"nm":"Fill 1","mn":"ADBE Vector Graphic - Fill","hd":false},{"ty":"tr","p":{"a":0,"k":[198.127,250.602],"ix":2},"a":{"a":0,"k":[0,0],"ix":1},"s":{"a":0,"k":[100,100],"ix":3},"r":{"a":0,"k":0,"ix":6},"o":{"a":0,"k":100,"ix":7},"sk":{"a":0,"k":0,"ix":4},"sa":{"a":0,"k":0,"ix":5},"nm":"Transform"}],"nm":"Group 1","np":2,"cix":2,"bm":0,"ix":2,"mn":"ADBE Vector Group","hd":false},{"ty":"gr","it":[{"ind":0,"ty":"sh","ix":1,"ks":{"a":0,"k":{"i":[[1.236,9.224],[0,0],[-0.702,-0.575],[0,0],[-0.272,0.597],[0,0],[-0.503,-0.448],[0,0],[-0.33,0.519],[0,0],[-0.442,-0.497],[0,0],[-0.363,0.545],[0,0],[-0.453,-0.409],[0,0],[-0.332,0.522],[0,0],[-0.464,-0.379],[0,0],[-0.321,0.506],[0,0],[-0.452,-0.453],[0,0],[-0.335,0.557],[0,0],[-0.475,-0.333],[0,0],[-0.306,0.481],[0,0],[-0.452,-0.453],[0,0],[-0.33,0.566],[0,0],[-0.438,-0.548],[0,0],[-0.392,0.523],[0,0],[-0.421,-0.468],[0,0],[-0.391,0.463],[0,0],[-0.111,-0.862],[0,0],[0.551,-0.068],[0,0]],"o":[[0,0],[-0.12,-0.899],[0,0],[0.508,0.415],[0,0],[0.279,-0.614],[0,0],[0.461,0.409],[0,0],[0.356,-0.56],[0,0],[0.435,0.49],[0,0],[0.339,-0.507],[0,0],[0.459,0.414],[0,0],[0.322,-0.506],[0,0],[0.464,0.38],[0,0],[0.343,-0.539],[0,0],[0.46,0.46],[0,0],[0.298,-0.497],[0,0],[0.466,0.326],[0,0],[0.343,-0.539],[0,0],[0.463,0.463],[0,0],[0.353,-0.606],[0,0],[0.409,0.51],[0,0],[0.378,-0.504],[0,0],[0.406,0.451],[0,0],[0.562,-0.664],[0,0],[0.072,0.55],[0,0],[-9.238,1.12]],"v":[[-33.809,61.528],[-50.743,-64.821],[-49.118,-65.729],[-46.585,-63.656],[-45.041,-64.015],[-43.641,-67.098],[-42.066,-67.432],[-39.457,-65.113],[-37.949,-65.324],[-35.79,-68.715],[-34.199,-68.843],[-31.94,-66.301],[-30.361,-66.411],[-28.721,-68.87],[-27.22,-69.059],[-23.957,-66.123],[-22.445,-66.33],[-20.184,-69.882],[-18.707,-70.119],[-14.951,-67.046],[-13.475,-67.283],[-11.248,-70.782],[-9.698,-70.951],[-6.985,-68.239],[-5.42,-68.43],[-3.631,-71.412],[-2.2,-71.718],[1.065,-69.432],[2.482,-69.714],[4.752,-73.282],[6.302,-73.451],[9.004,-70.749],[10.574,-70.954],[12.687,-74.575],[14.331,-74.695],[16.614,-71.84],[18.195,-71.865],[21.191,-75.86],[22.734,-75.929],[25.654,-72.684],[27.161,-72.708],[30.457,-76.602],[32.212,-76.085],[50.791,67.167],[49.92,68.289],[-14.914,76.146]],"c":true},"ix":2},"nm":"Path 1","mn":"ADBE Vector Shape - Group","hd":false},{"ty":"gf","o":{"a":0,"k":100,"ix":10},"r":1,"bm":0,"g":{"p":3,"k":{"a":0,"k":[0,0.929,0.941,0.965,0.5,0.869,0.888,0.918,1,0.808,0.835,0.871],"ix":9}},"s":{"a":0,"k":[0.07,69.266],"ix":5},"e":{"a":0,"k":[-10.858,-68.554],"ix":6},"t":1,"nm":"Gradient Fill 1","mn":"ADBE Vector Graphic - G-Fill","hd":false},{"ty":"tr","p":{"a":0,"k":[174.868,187.097],"ix":2},"a":{"a":0,"k":[0,0],"ix":1},"s":{"a":0,"k":[100,100],"ix":3},"r":{"a":0,"k":0,"ix":6},"o":{"a":0,"k":100,"ix":7},"sk":{"a":0,"k":0,"ix":4},"sa":{"a":0,"k":0,"ix":5},"nm":"Transform"}],"nm":"Group 2","np":2,"cix":2,"bm":0,"ix":3,"mn":"ADBE Vector Group","hd":false}],"ip":-232.000009449554,"op":668.000027208198,"st":-232.000009449554,"bm":0},{"ddd":0,"ind":3,"ty":4,"nm":"Shape Layer 3","sr":1,"ks":{"o":{"a":0,"k":100,"ix":11},"r":{"a":0,"k":11,"ix":10},"p":{"a":0,"k":[280.5,282.5,0],"ix":2},"a":{"a":0,"k":[0,0,0],"ix":1},"s":{"a":0,"k":[69.663,100,100],"ix":6}},"ao":0,"shapes":[{"ty":"gr","it":[{"d":1,"ty":"el","s":{"a":0,"k":[73,8.5],"ix":2},"p":{"a":0,"k":[0,0],"ix":3},"nm":"Ellipse Path 1","mn":"ADBE Vector Shape - Ellipse","hd":false},{"ty":"st","c":{"a":0,"k":[1,1,1,1],"ix":3},"o":{"a":0,"k":100,"ix":4},"w":{"a":0,"k":0,"ix":5},"lc":1,"lj":1,"ml":4,"bm":0,"nm":"Stroke 1","mn":"ADBE Vector Graphic - Stroke","hd":false},{"ty":"gf","o":{"a":0,"k":100,"ix":10},"r":1,"bm":0,"g":{"p":5,"k":{"a":0,"k":[0,0.776,0.796,0.827,0,0.776,0.796,0.827,0,0.776,0.796,0.827,0.5,0.814,0.831,0.857,1,0.851,0.867,0.886],"ix":9}},"s":{"a":0,"k":[-14.061,-1.507],"ix":5},"e":{"a":0,"k":[39.235,1.507],"ix":6},"t":1,"nm":"Gradient Fill 1","mn":"ADBE Vector Graphic - G-Fill","hd":false},{"ty":"tr","p":{"a":0,"k":[-0.75,0.625],"ix":2},"a":{"a":0,"k":[0,0],"ix":1},"s":{"a":0,"k":[100,100],"ix":3},"r":{"a":0,"k":0,"ix":6},"o":{"a":0,"k":100,"ix":7},"sk":{"a":0,"k":0,"ix":4},"sa":{"a":0,"k":0,"ix":5},"nm":"Transform"}],"nm":"Ellipse 1","np":3,"cix":2,"bm":0,"ix":1,"mn":"ADBE Vector Group","hd":false}],"ip":0,"op":900.000036657751,"st":0,"bm":0},{"ddd":0,"ind":4,"ty":4,"nm":"Shape Layer 2","sr":1,"ks":{"o":{"a":1,"k":[{"i":{"x":[0.667],"y":[1]},"o":{"x":[0.333],"y":[0]},"t":0,"s":[100]},{"i":{"x":[0.667],"y":[1]},"o":{"x":[0.333],"y":[0]},"t":30,"s":[70]},{"i":{"x":[0.667],"y":[1]},"o":{"x":[0.333],"y":[0]},"t":60,"s":[100]},{"i":{"x":[0.667],"y":[1]},"o":{"x":[0.333],"y":[0]},"t":90,"s":[70]},{"t":121.000004928431,"s":[100]}],"ix":11},"r":{"a":0,"k":0,"ix":10},"p":{"a":0,"k":[196.25,275.5,0],"ix":2},"a":{"a":0,"k":[0,0,0],"ix":1},"s":{"a":1,"k":[{"i":{"x":[0.667,0.667,0.667],"y":[1,1,1]},"o":{"x":[0.333,0.333,0.333],"y":[0,0,0]},"t":0,"s":[83.173,83.173,100]},{"i":{"x":[0.667,0.667,0.667],"y":[1,1,1]},"o":{"x":[0.333,0.333,0.333],"y":[0,0,0]},"t":30,"s":[50.173,50.173,100]},{"i":{"x":[0.667,0.667,0.667],"y":[1,1,1]},"o":{"x":[0.333,0.333,0.333],"y":[0,0,0]},"t":60,"s":[83.173,83.173,100]},{"i":{"x":[0.667,0.667,0.667],"y":[1,1,1]},"o":{"x":[0.333,0.333,0.333],"y":[0,0,0]},"t":90,"s":[50.173,50.173,100]},{"t":121.000004928431,"s":[83.173,83.173,100]}],"ix":6}},"ao":0,"shapes":[{"ty":"gr","it":[{"d":1,"ty":"el","s":{"a":0,"k":[73,8.5],"ix":2},"p":{"a":0,"k":[0,0],"ix":3},"nm":"Ellipse Path 1","mn":"ADBE Vector Shape - Ellipse","hd":false},{"ty":"st","c":{"a":0,"k":[1,1,1,1],"ix":3},"o":{"a":0,"k":100,"ix":4},"w":{"a":0,"k":0,"ix":5},"lc":1,"lj":1,"ml":4,"bm":0,"nm":"Stroke 1","mn":"ADBE Vector Graphic - Stroke","hd":false},{"ty":"gf","o":{"a":0,"k":100,"ix":10},"r":1,"bm":0,"g":{"p":5,"k":{"a":0,"k":[0,0.776,0.796,0.827,0,0.776,0.796,0.827,0,0.776,0.796,0.827,0.5,0.814,0.831,0.857,1,0.851,0.867,0.886],"ix":9}},"s":{"a":0,"k":[-14.061,-1.507],"ix":5},"e":{"a":0,"k":[39.235,1.507],"ix":6},"t":1,"nm":"Gradient Fill 1","mn":"ADBE Vector Graphic - G-Fill","hd":false},{"ty":"tr","p":{"a":0,"k":[-0.75,0.625],"ix":2},"a":{"a":0,"k":[0,0],"ix":1},"s":{"a":0,"k":[100,100],"ix":3},"r":{"a":0,"k":0,"ix":6},"o":{"a":0,"k":100,"ix":7},"sk":{"a":0,"k":0,"ix":4},"sa":{"a":0,"k":0,"ix":5},"nm":"Transform"}],"nm":"Ellipse 1","np":3,"cix":2,"bm":0,"ix":1,"mn":"ADBE Vector Group","hd":false}],"ip":0,"op":900.000036657751,"st":0,"bm":0},{"ddd":0,"ind":5,"ty":4,"nm":"Shape Layer 1","sr":1,"ks":{"o":{"a":0,"k":100,"ix":11},"r":{"a":0,"k":0,"ix":10},"p":{"a":0,"k":[217.5,206.5,0],"ix":2},"a":{"a":0,"k":[0,0,0],"ix":1},"s":{"a":0,"k":[90.005,113.988,100],"ix":6}},"ao":0,"shapes":[{"ty":"gr","it":[{"d":1,"ty":"el","s":{"a":0,"k":[2,1],"ix":2},"p":{"a":0,"k":[0,0],"ix":3},"nm":"Ellipse Path 1","mn":"ADBE Vector Shape - Ellipse","hd":false},{"ty":"st","c":{"a":0,"k":[1,1,1,1],"ix":3},"o":{"a":0,"k":100,"ix":4},"w":{"a":0,"k":2,"ix":5},"lc":1,"lj":1,"ml":4,"bm":0,"nm":"Stroke 1","mn":"ADBE Vector Graphic - Stroke","hd":false},{"ty":"gf","o":{"a":0,"k":100,"ix":10},"r":1,"bm":0,"g":{"p":3,"k":{"a":0,"k":[0,1,1,1,0.5,0.947,0.955,0.961,1,0.894,0.91,0.922],"ix":9}},"s":{"a":0,"k":[-200,93],"ix":5},"e":{"a":0,"k":[-302,-102],"ix":6},"t":1,"nm":"Gradient Fill 1","mn":"ADBE Vector Graphic - G-Fill","hd":false},{"ty":"tr","p":{"a":0,"k":[211,112.5],"ix":2},"a":{"a":0,"k":[0,0],"ix":1},"s":{"a":0,"k":[100,100],"ix":3},"r":{"a":0,"k":0,"ix":6},"o":{"a":0,"k":100,"ix":7},"sk":{"a":0,"k":0,"ix":4},"sa":{"a":0,"k":0,"ix":5},"nm":"Transform"}],"nm":"Ellipse 2","np":3,"cix":2,"bm":0,"ix":1,"mn":"ADBE Vector Group","hd":false},{"ty":"gr","it":[{"d":1,"ty":"el","s":{"a":0,"k":[400,120],"ix":2},"p":{"a":0,"k":[0,0],"ix":3},"nm":"Ellipse Path 1","mn":"ADBE Vector Shape - Ellipse","hd":false},{"ty":"st","c":{"a":0,"k":[1,1,1,1],"ix":3},"o":{"a":0,"k":100,"ix":4},"w":{"a":0,"k":2,"ix":5},"lc":1,"lj":1,"ml":4,"bm":0,"nm":"Stroke 1","mn":"ADBE Vector Graphic - Stroke","hd":false},{"ty":"gf","o":{"a":0,"k":100,"ix":10},"r":1,"bm":0,"g":{"p":3,"k":{"a":0,"k":[0,1,1,1,0.5,0.947,0.955,0.961,1,0.894,0.91,0.922],"ix":9}},"s":{"a":0,"k":[-1,35],"ix":5},"e":{"a":0,"k":[0,-37],"ix":6},"t":1,"nm":"Gradient Fill 1","mn":"ADBE Vector Graphic - G-Fill","hd":false},{"ty":"tr","p":{"a":0,"k":[10,108],"ix":2},"a":{"a":0,"k":[0,0],"ix":1},"s":{"a":0,"k":[100,100],"ix":3},"r":{"a":0,"k":0,"ix":6},"o":{"a":0,"k":100,"ix":7},"sk":{"a":0,"k":0,"ix":4},"sa":{"a":0,"k":0,"ix":5},"nm":"Transform"}],"nm":"Ellipse 1","np":3,"cix":2,"bm":0,"ix":2,"mn":"ADBE Vector Group","hd":false}],"ip":0,"op":900.000036657751,"st":0,"bm":0}],"markers":[]}