{"v":"5.7.4","fr":25,"ip":0,"op":46,"w":600,"h":600,"nm":"orden-restaurante","ddd":0,"assets":[],"layers":[{"ddd":0,"ind":1,"ty":4,"nm":"huevo Outlines","sr":1,"ks":{"o":{"a":1,"k":[{"i":{"x":[0.833],"y":[0.833]},"o":{"x":[0.167],"y":[0.167]},"t":11,"s":[0]},{"i":{"x":[0.833],"y":[0.833]},"o":{"x":[0.167],"y":[0.167]},"t":15,"s":[100]},{"i":{"x":[0.833],"y":[0.833]},"o":{"x":[0.167],"y":[0.167]},"t":29,"s":[100]},{"t":31,"s":[0]}],"ix":11},"r":{"a":1,"k":[{"i":{"x":[0],"y":[1]},"o":{"x":[0.546],"y":[-1.51]},"t":2,"s":[0]},{"i":{"x":[0.351],"y":[1.002]},"o":{"x":[0.741],"y":[-0.002]},"t":46,"s":[16]},{"t":55,"s":[0]}],"ix":10},"p":{"a":1,"k":[{"i":{"x":0.063,"y":1},"o":{"x":0.871,"y":0},"t":2,"s":[255.135,298.797,0],"to":[0,-23.333,0],"ti":[0,-13.333,0]},{"i":{"x":0.402,"y":1},"o":{"x":0.656,"y":0},"t":26,"s":[255.135,158.797,0],"to":[0,13.333,0],"ti":[0,-36.667,0]},{"t":39,"s":[255.135,378.797,0]}],"ix":2,"l":2},"a":{"a":0,"k":[46.434,49.198,0],"ix":1,"l":2},"s":{"a":1,"k":[{"i":{"x":[0.833,0.833,0.833],"y":[0.833,0.833,0.833]},"o":{"x":[0.167,0.167,0.167],"y":[0.167,0.167,0.167]},"t":12,"s":[0,0,100]},{"i":{"x":[0.833,0.833,0.833],"y":[0.833,0.833,0.833]},"o":{"x":[0.167,0.167,0.167],"y":[0.167,0.167,0.167]},"t":15,"s":[100,100,100]},{"i":{"x":[0.833,0.833,0.833],"y":[0.833,0.833,0.833]},"o":{"x":[0.167,0.167,0.167],"y":[0.167,0.167,0.167]},"t":29,"s":[100,100,100]},{"t":32,"s":[0,0,100]}],"ix":6,"l":2}},"ao":0,"shapes":[{"ty":"gr","it":[{"ind":0,"ty":"sh","ix":1,"ks":{"a":0,"k":{"i":[[2.218,0.981],[0.901,-2.035],[-2.045,-0.905],[-0.942,2.117]],"o":[[-2.05,-0.917],[-0.951,2.184],[2.073,0.941],[0.874,-1.976]],"v":[[1.731,-3.815],[-3.774,-1.712],[-1.671,3.79],[3.851,1.69]],"c":true},"ix":2},"nm":"Path 1","mn":"ADBE Vector Shape - Group","hd":false},{"ty":"fl","c":{"a":0,"k":[0,0,0,1],"ix":4},"o":{"a":0,"k":100,"ix":5},"r":1,"bm":0,"nm":"Fill 1","mn":"ADBE Vector Graphic - Fill","hd":false},{"ty":"tr","p":{"a":0,"k":[83.354,58.771],"ix":2},"a":{"a":0,"k":[0,0],"ix":1},"s":{"a":0,"k":[100,100],"ix":3},"r":{"a":0,"k":0,"ix":6},"o":{"a":0,"k":100,"ix":7},"sk":{"a":0,"k":0,"ix":4},"sa":{"a":0,"k":0,"ix":5},"nm":"Transform"}],"nm":"Group 1","np":4,"cix":2,"bm":0,"ix":1,"mn":"ADBE Vector Group","hd":false},{"ty":"gr","it":[{"ind":0,"ty":"sh","ix":1,"ks":{"a":0,"k":{"i":[[-11.505,11.505],[8.489,-8.487],[9.395,6.586]],"o":[[6.538,9.288],[-8.385,8.386],[28.961,-28.97]],"v":[[12.393,-23.983],[9.698,6.878],[-21.159,9.575]],"c":true},"ix":2},"nm":"Path 1","mn":"ADBE Vector Shape - Group","hd":false},{"ind":1,"ty":"sh","ix":2,"ks":{"a":0,"k":{"i":[[-0.166,2.268],[10.579,10.564],[1.585,-1.568],[0,0],[-1.627,-1.625],[-22.652,22.725],[1.668,1.584],[1.535,-1.601],[17.997,14.949],[0,0],[-11.486,11.485],[9.896,12.793],[0,0],[0.876,-11.786],[-2.322,-0.173]],"o":[[1.026,-16.268],[-1.566,-1.568],[0,0],[-1.625,1.626],[19.58,19.581],[1.601,-1.668],[-1.601,-1.534],[-15.599,16.629],[0,0],[12.926,9.962],[11.632,-11.63],[0,0],[7.055,8.491],[-0.17,2.29],[2.331,0.167]],"v":[[45.158,-6.217],[29.88,-47.38],[23.992,-47.38],[-44.557,21.17],[-44.557,27.074],[30.715,26.223],[30.581,20.319],[24.694,20.452],[-35.568,23.988],[-27.098,15.517],[15.595,12.777],[18.332,-29.924],[26.797,-38.39],[36.837,-6.851],[40.691,-2.381]],"c":true},"ix":2},"nm":"Path 2","mn":"ADBE Vector Shape - Group","hd":false},{"ty":"mm","mm":1,"nm":"Merge Paths 1","mn":"ADBE Vector Filter - Merge","hd":false},{"ty":"fl","c":{"a":0,"k":[0,0,0,1],"ix":4},"o":{"a":0,"k":100,"ix":5},"r":1,"bm":0,"nm":"Fill 1","mn":"ADBE Vector Graphic - Fill","hd":false},{"ty":"tr","p":{"a":0,"k":[46.433,49.198],"ix":2},"a":{"a":0,"k":[0,0],"ix":1},"s":{"a":0,"k":[100,100],"ix":3},"r":{"a":0,"k":0,"ix":6},"o":{"a":0,"k":100,"ix":7},"sk":{"a":0,"k":0,"ix":4},"sa":{"a":0,"k":0,"ix":5},"nm":"Transform"}],"nm":"Group 2","np":6,"cix":2,"bm":0,"ix":2,"mn":"ADBE Vector Group","hd":false},{"ty":"gr","it":[{"ind":0,"ty":"sh","ix":1,"ks":{"a":0,"k":{"i":[[0,0],[11.026,-11.026],[11.039,11.04]],"o":[[11.04,11.04],[-11.04,11.04],[0,0]],"v":[[14.46,-25.5],[14.46,14.46],[-25.5,14.46]],"c":true},"ix":2},"nm":"Path 1","mn":"ADBE Vector Shape - Group","hd":false},{"ty":"fl","c":{"a":0,"k":[0.956862804936,0.717647058824,0.250980392157,1],"ix":4},"o":{"a":0,"k":100,"ix":5},"r":1,"bm":0,"nm":"Fill 2","mn":"ADBE Vector Graphic - Fill","hd":false},{"ty":"fl","c":{"a":0,"k":[0.941176530427,0.752941236309,0.125490196078,1],"ix":4},"o":{"a":0,"k":100,"ix":5},"r":1,"bm":0,"nm":"Fill 1","mn":"ADBE Vector Graphic - Fill","hd":false},{"ty":"tr","p":{"a":0,"k":[44.62,44.566],"ix":2},"a":{"a":0,"k":[0,0],"ix":1},"s":{"a":0,"k":[100,100],"ix":3},"r":{"a":0,"k":0,"ix":6},"o":{"a":0,"k":100,"ix":7},"sk":{"a":0,"k":0,"ix":4},"sa":{"a":0,"k":0,"ix":5},"nm":"Transform"}],"nm":"Group 3","np":5,"cix":2,"bm":0,"ix":3,"mn":"ADBE Vector Group","hd":false},{"ty":"gr","it":[{"ind":0,"ty":"sh","ix":1,"ks":{"a":0,"k":{"i":[[0,0],[18.915,-18.916],[18.937,18.937],[0,0],[0,0]],"o":[[18.937,18.937],[-18.937,18.937],[0,0],[0,0],[0,0]],"v":[[24.806,-43.743],[24.806,24.805],[-43.742,24.805],[-29.449,10.512],[10.512,-29.449]],"c":true},"ix":2},"nm":"Path 1","mn":"ADBE Vector Shape - Group","hd":false},{"ty":"fl","c":{"a":0,"k":[1,1,1,1],"ix":4},"o":{"a":0,"k":100,"ix":5},"r":1,"bm":0,"nm":"Fill 1","mn":"ADBE Vector Graphic - Fill","hd":false},{"ty":"tr","p":{"a":0,"k":[48.568,48.514],"ix":2},"a":{"a":0,"k":[0,0],"ix":1},"s":{"a":0,"k":[100,100],"ix":3},"r":{"a":0,"k":0,"ix":6},"o":{"a":0,"k":100,"ix":7},"sk":{"a":0,"k":0,"ix":4},"sa":{"a":0,"k":0,"ix":5},"nm":"Transform"}],"nm":"Group 4","np":4,"cix":2,"bm":0,"ix":4,"mn":"ADBE Vector Group","hd":false}],"ip":0,"op":1875,"st":0,"bm":0},{"ddd":0,"ind":3,"ty":4,"nm":"champi Outlines","sr":1,"ks":{"o":{"a":1,"k":[{"i":{"x":[0.833],"y":[0.833]},"o":{"x":[0.167],"y":[0.167]},"t":9,"s":[0]},{"t":12,"s":[100]}],"ix":11},"r":{"a":1,"k":[{"i":{"x":[0],"y":[1]},"o":{"x":[0.546],"y":[-1.373]},"t":0,"s":[0]},{"i":{"x":[0.351],"y":[1.004]},"o":{"x":[0.741],"y":[-0.004]},"t":40,"s":[16]},{"t":55,"s":[0]}],"ix":10},"p":{"a":1,"k":[{"i":{"x":0.135,"y":1},"o":{"x":0.854,"y":0},"t":4,"s":[102.887,400.038,0],"to":[0,-18.333,0],"ti":[0,0,0]},{"i":{"x":0.304,"y":1},"o":{"x":0.695,"y":0},"t":21,"s":[102.887,290.038,0],"to":[0,0,0],"ti":[0,-18.333,0]},{"t":36,"s":[102.887,400.038,0]}],"ix":2,"l":2},"a":{"a":0,"k":[49.317,49.341,0],"ix":1,"l":2},"s":{"a":1,"k":[{"i":{"x":[0.833,0.833,0.833],"y":[0.833,0.833,0.833]},"o":{"x":[0.167,0.167,0.167],"y":[0.167,0.167,0.167]},"t":-3,"s":[0,0,100]},{"i":{"x":[0.833,0.833,0.833],"y":[0.833,0.833,0.833]},"o":{"x":[0.167,0.167,0.167],"y":[0.167,0.167,0.167]},"t":11,"s":[0,0,100]},{"i":{"x":[0.833,0.833,0.833],"y":[0.833,0.833,0.833]},"o":{"x":[0.167,0.167,0.167],"y":[0.167,0.167,0.167]},"t":14,"s":[100,100,100]},{"i":{"x":[0.114,0.114,0.833],"y":[1,1,1]},"o":{"x":[0.724,0.724,0.167],"y":[0,0,0]},"t":26,"s":[100,100,100]},{"t":29,"s":[0,0,100]}],"ix":6,"l":2}},"ao":0,"shapes":[{"ty":"gr","it":[{"ind":0,"ty":"sh","ix":1,"ks":{"a":0,"k":{"i":[[-2.73,0.544],[0.544,2.708],[0,0],[2.72,-0.542],[-0.544,-2.708],[0,0]],"o":[[2.708,-0.544],[0,0],[-0.544,-2.708],[-2.708,0.544],[0,0],[0.542,2.69]],"v":[[1.168,5.805],[5.084,-0.083],[4.72,-1.891],[-1.168,-5.807],[-5.084,0.081],[-4.72,1.889]],"c":true},"ix":2},"nm":"Path 1","mn":"ADBE Vector Shape - Group","hd":false},{"ty":"fl","c":{"a":0,"k":[0,0,0,1],"ix":4},"o":{"a":0,"k":100,"ix":5},"r":1,"bm":0,"nm":"Fill 1","mn":"ADBE Vector Graphic - Fill","hd":false},{"ty":"tr","p":{"a":0,"k":[48.972,32.671],"ix":2},"a":{"a":0,"k":[0,0],"ix":1},"s":{"a":0,"k":[100,100],"ix":3},"r":{"a":0,"k":0,"ix":6},"o":{"a":0,"k":100,"ix":7},"sk":{"a":0,"k":0,"ix":4},"sa":{"a":0,"k":0,"ix":5},"nm":"Transform"}],"nm":"Group 1","np":4,"cix":2,"bm":0,"ix":1,"mn":"ADBE Vector Group","hd":false},{"ty":"gr","it":[{"ind":0,"ty":"sh","ix":1,"ks":{"a":0,"k":{"i":[[2.706,0.546],[0,0],[0.544,-2.706],[-2.706,-0.546],[0,0],[-0.54,2.686]],"o":[[0,0],[-2.716,-0.542],[-0.544,2.708],[0,0],[2.732,0.544],[0.544,-2.706]],"v":[[1.89,-4.721],[0.082,-5.085],[-5.806,-1.169],[-1.89,4.719],[-0.082,5.083],[5.806,1.167]],"c":true},"ix":2},"nm":"Path 1","mn":"ADBE Vector Shape - Group","hd":false},{"ty":"fl","c":{"a":0,"k":[0,0,0,1],"ix":4},"o":{"a":0,"k":100,"ix":5},"r":1,"bm":0,"nm":"Fill 1","mn":"ADBE Vector Graphic - Fill","hd":false},{"ty":"tr","p":{"a":0,"k":[32.626,49.017],"ix":2},"a":{"a":0,"k":[0,0],"ix":1},"s":{"a":0,"k":[100,100],"ix":3},"r":{"a":0,"k":0,"ix":6},"o":{"a":0,"k":100,"ix":7},"sk":{"a":0,"k":0,"ix":4},"sa":{"a":0,"k":0,"ix":5},"nm":"Transform"}],"nm":"Group 2","np":4,"cix":2,"bm":0,"ix":2,"mn":"ADBE Vector Group","hd":false},{"ty":"gr","it":[{"ind":0,"ty":"sh","ix":1,"ks":{"a":0,"k":{"i":[[5.948,5.946],[-11.514,11.516],[-9.418,-9.416],[7.97,-10.764],[5.356,-3.94]],"o":[[-9.298,-9.298],[11.458,-11.456],[5.946,5.948],[-3.944,5.362],[-10.752,7.962]],"v":[[-26.691,16.849],[-26.027,-26.007],[16.827,-26.671],[13.783,-1.493],[-1.523,13.811]],"c":true},"ix":2},"nm":"Path 1","mn":"ADBE Vector Shape - Group","hd":false},{"ind":1,"ty":"sh","ix":2,"ks":{"a":0,"k":{"i":[[3.934,-3.936],[3.49,4.392],[0,0],[-3.048,3.58],[0,0]],"o":[[-3.93,3.926],[0,0],[3.404,-2.902],[0,0],[4.38,3.48]],"v":[[33.839,33.861],[19.951,33.059],[8.477,18.631],[18.609,8.497],[33.041,19.977]],"c":true},"ix":2},"nm":"Path 2","mn":"ADBE Vector Shape - Group","hd":false},{"ind":2,"ty":"sh","ix":3,"ks":{"a":0,"k":{"i":[[0,0],[-8.16,8.158],[9.026,7.17],[0,0],[5.24,5.242],[16.014,-16.016],[-12.758,-12.758],[-11.714,7.364]],"o":[[7.18,9.04],[8.156,-8.158],[0,0],[11.188,-17.786],[-12.664,-12.666],[-15.97,15.97],[9.824,9.828],[0,0]],"v":[[12.123,39.281],[40.911,40.933],[39.265,12.149],[24.561,0.453],[23.899,-33.739],[-33.097,-33.075],[-33.761,23.921],[0.421,24.571]],"c":true},"ix":2},"nm":"Path 3","mn":"ADBE Vector Shape - Group","hd":false},{"ty":"mm","mm":1,"nm":"Merge Paths 1","mn":"ADBE Vector Filter - Merge","hd":false},{"ty":"fl","c":{"a":0,"k":[0,0,0,1],"ix":4},"o":{"a":0,"k":100,"ix":5},"r":1,"bm":0,"nm":"Fill 1","mn":"ADBE Vector Graphic - Fill","hd":false},{"ty":"tr","p":{"a":0,"k":[49.317,49.341],"ix":2},"a":{"a":0,"k":[0,0],"ix":1},"s":{"a":0,"k":[100,100],"ix":3},"r":{"a":0,"k":0,"ix":6},"o":{"a":0,"k":100,"ix":7},"sk":{"a":0,"k":0,"ix":4},"sa":{"a":0,"k":0,"ix":5},"nm":"Transform"}],"nm":"Group 3","np":7,"cix":2,"bm":0,"ix":3,"mn":"ADBE Vector Group","hd":false},{"ty":"gr","it":[{"ind":0,"ty":"sh","ix":1,"ks":{"a":0,"k":{"i":[[6.044,-6.044],[5.328,6.708],[0,0],[-4.266,5.8],[0,0]],"o":[[-6.044,6.044],[0,0],[5.794,-4.262],[0,0],[6.708,5.328]],"v":[[14.94,14.94],[-6.396,13.716],[-20.984,-4.624],[-4.624,-20.984],[13.716,-6.396]],"c":true},"ix":2},"nm":"Path 1","mn":"ADBE Vector Shape - Group","hd":false},{"ty":"fl","c":{"a":0,"k":[0.949019667682,0.882353001015,0.839215746113,1],"ix":4},"o":{"a":0,"k":100,"ix":5},"r":1,"bm":0,"nm":"Fill 1","mn":"ADBE Vector Graphic - Fill","hd":false},{"ty":"tr","p":{"a":0,"k":[71.752,71.796],"ix":2},"a":{"a":0,"k":[0,0],"ix":1},"s":{"a":0,"k":[100,100],"ix":3},"r":{"a":0,"k":0,"ix":6},"o":{"a":0,"k":100,"ix":7},"sk":{"a":0,"k":0,"ix":4},"sa":{"a":0,"k":0,"ix":5},"nm":"Transform"}],"nm":"Group 4","np":4,"cix":2,"bm":0,"ix":4,"mn":"ADBE Vector Group","hd":false},{"ty":"gr","it":[{"ind":0,"ty":"sh","ix":1,"ks":{"a":0,"k":{"i":[[13.962,-13.962],[-10.798,-10.798],[-11.436,8.466],[-4.266,5.8],[8.572,8.572]],"o":[[-13.962,13.962],[8.57,8.57],[5.794,-4.262],[8.466,-11.436],[-10.8,-10.798]],"v":[[-22.268,-22.267],[-22.932,27.659],[8.746,25.107],[25.106,8.747],[27.658,-22.931]],"c":true},"ix":2},"nm":"Path 1","mn":"ADBE Vector Shape - Group","hd":false},{"ty":"fl","c":{"a":0,"k":[0.956862804936,0.717647058824,0.250980392157,1],"ix":4},"o":{"a":0,"k":100,"ix":5},"r":1,"bm":0,"nm":"Fill 1","mn":"ADBE Vector Graphic - Fill","hd":false},{"ty":"tr","p":{"a":0,"k":[42.024,42.067],"ix":2},"a":{"a":0,"k":[0,0],"ix":1},"s":{"a":0,"k":[100,100],"ix":3},"r":{"a":0,"k":0,"ix":6},"o":{"a":0,"k":100,"ix":7},"sk":{"a":0,"k":0,"ix":4},"sa":{"a":0,"k":0,"ix":5},"nm":"Transform"}],"nm":"Group 5","np":4,"cix":2,"bm":0,"ix":5,"mn":"ADBE Vector Group","hd":false}],"ip":0,"op":1875,"st":0,"bm":0},{"ddd":0,"ind":5,"ty":4,"nm":"punto Outlines","sr":1,"ks":{"o":{"a":1,"k":[{"i":{"x":[0.833],"y":[0.833]},"o":{"x":[0.167],"y":[0.167]},"t":11,"s":[0]},{"t":15,"s":[100]}],"ix":11},"r":{"a":1,"k":[{"i":{"x":[0.273],"y":[0.999]},"o":{"x":[0.731],"y":[-0.015]},"t":2,"s":[0]},{"i":{"x":[0.431],"y":[1.001]},"o":{"x":[0.967],"y":[0.061]},"t":9,"s":[94.988]},{"t":30,"s":[0]}],"ix":10},"p":{"a":1,"k":[{"i":{"x":0,"y":1},"o":{"x":0.932,"y":0},"t":0,"s":[119.769,337.509,0],"to":[0,-16.667,0],"ti":[0,-5,0]},{"i":{"x":0.057,"y":1},"o":{"x":0.889,"y":0},"t":22,"s":[119.769,237.509,0],"to":[0,5,0],"ti":[0,-21.667,0]},{"t":30,"s":[119.769,367.509,0]}],"ix":2,"l":2},"a":{"a":0,"k":[24.25,24.25,0],"ix":1,"l":2},"s":{"a":1,"k":[{"i":{"x":[0.833,0.833,0.833],"y":[0.833,0.833,0.833]},"o":{"x":[0.167,0.167,0.167],"y":[0.167,0.167,0.167]},"t":12,"s":[0,0,100]},{"i":{"x":[0.833,0.833,0.833],"y":[0.833,0.833,0.833]},"o":{"x":[0.167,0.167,0.167],"y":[0.167,0.167,0.167]},"t":15,"s":[100,100,100]},{"i":{"x":[0.121,0.121,0.833],"y":[1,1,1]},"o":{"x":[0.73,0.73,0.167],"y":[0,0,0]},"t":26,"s":[100,100,100]},{"t":28,"s":[0,0,100]}],"ix":6,"l":2}},"ao":0,"shapes":[{"ty":"gr","it":[{"ind":0,"ty":"sh","ix":1,"ks":{"a":0,"k":{"i":[[0.005,4.416],[-4.418,0],[0,-4.418],[4.418,0]],"o":[[0,-4.418],[4.418,0],[0,4.418],[-4.416,-0.005]],"v":[[-8,0],[0,-8],[8,0],[0,8]],"c":true},"ix":2},"nm":"Path 1","mn":"ADBE Vector Shape - Group","hd":false},{"ind":1,"ty":"sh","ix":2,"ks":{"a":0,"k":{"i":[[-0.015,13.249],[13.255,0],[0,-13.255],[-13.255,0]],"o":[[0,-13.255],[-13.255,0],[0,13.255],[13.249,-0.015]],"v":[[24,0],[0,-24],[-24,0],[0,24]],"c":true},"ix":2},"nm":"Path 2","mn":"ADBE Vector Shape - Group","hd":false},{"ty":"mm","mm":1,"nm":"Merge Paths 1","mn":"ADBE Vector Filter - Merge","hd":false},{"ty":"fl","c":{"a":0,"k":[0,0,0,1],"ix":4},"o":{"a":0,"k":100,"ix":5},"r":1,"bm":0,"nm":"Fill 1","mn":"ADBE Vector Graphic - Fill","hd":false},{"ty":"tr","p":{"a":0,"k":[24.25,24.25],"ix":2},"a":{"a":0,"k":[0,0],"ix":1},"s":{"a":0,"k":[100,100],"ix":3},"r":{"a":0,"k":0,"ix":6},"o":{"a":0,"k":100,"ix":7},"sk":{"a":0,"k":0,"ix":4},"sa":{"a":0,"k":0,"ix":5},"nm":"Transform"}],"nm":"Group 1","np":6,"cix":2,"bm":0,"ix":1,"mn":"ADBE Vector Group","hd":false},{"ty":"gr","it":[{"ind":0,"ty":"sh","ix":1,"ks":{"a":0,"k":{"i":[[-8.837,0],[0,-8.837],[8.837,0],[0,8.837]],"o":[[8.837,0],[0,8.837],[-8.837,0],[0,-8.837]],"v":[[0,-16],[16,0],[0,16],[-16,0]],"c":true},"ix":2},"nm":"Path 1","mn":"ADBE Vector Shape - Group","hd":false},{"ty":"fl","c":{"a":0,"k":[0.650980392157,1,0.882353001015,1],"ix":4},"o":{"a":0,"k":100,"ix":5},"r":1,"bm":0,"nm":"Fill 1","mn":"ADBE Vector Graphic - Fill","hd":false},{"ty":"tr","p":{"a":0,"k":[24.25,24.25],"ix":2},"a":{"a":0,"k":[0,0],"ix":1},"s":{"a":0,"k":[100,100],"ix":3},"r":{"a":0,"k":0,"ix":6},"o":{"a":0,"k":100,"ix":7},"sk":{"a":0,"k":0,"ix":4},"sa":{"a":0,"k":0,"ix":5},"nm":"Transform"}],"nm":"Group 2","np":4,"cix":2,"bm":0,"ix":2,"mn":"ADBE Vector Group","hd":false}],"ip":0,"op":1875,"st":0,"bm":0},{"ddd":0,"ind":7,"ty":4,"nm":"punto2 Outlines","sr":1,"ks":{"o":{"a":1,"k":[{"i":{"x":[0.833],"y":[0.833]},"o":{"x":[0.167],"y":[0.167]},"t":11,"s":[0]},{"t":15,"s":[100]}],"ix":11},"r":{"a":1,"k":[{"i":{"x":[0.273],"y":[0.999]},"o":{"x":[0.731],"y":[-0.015]},"t":2,"s":[0]},{"i":{"x":[0.431],"y":[1.001]},"o":{"x":[0.967],"y":[0.061]},"t":9,"s":[94.988]},{"t":30,"s":[0]}],"ix":10},"p":{"a":1,"k":[{"i":{"x":0.239,"y":1},"o":{"x":0.762,"y":0},"t":0,"s":[139.46,290.322,0],"to":[0,-21.667,0],"ti":[0,-26.667,0]},{"i":{"x":0.487,"y":1},"o":{"x":0.787,"y":0},"t":21,"s":[139.46,160.322,0],"to":[0,26.667,0],"ti":[0,-48.333,0]},{"t":36,"s":[139.46,450.322,0]}],"ix":2,"l":2},"a":{"a":0,"k":[24.25,24.25,0],"ix":1,"l":2},"s":{"a":1,"k":[{"i":{"x":[0.833,0.833,0.833],"y":[0.833,0.833,0.833]},"o":{"x":[0.167,0.167,0.167],"y":[0.167,0.167,0.167]},"t":12,"s":[0,0,100]},{"i":{"x":[0.833,0.833,0.833],"y":[0.833,0.833,0.833]},"o":{"x":[0.167,0.167,0.167],"y":[0.167,0.167,0.167]},"t":15,"s":[100,100,100]},{"i":{"x":[0.121,0.121,0.833],"y":[1,1,1]},"o":{"x":[0.73,0.73,0.167],"y":[0,0,0]},"t":30,"s":[100,100,100]},{"t":32,"s":[0,0,100]}],"ix":6,"l":2}},"ao":0,"shapes":[{"ty":"gr","it":[{"ind":0,"ty":"sh","ix":1,"ks":{"a":0,"k":{"i":[[4.416,-0.005],[0,4.418],[-4.418,0],[0,-4.418]],"o":[[-4.418,0],[0,-4.418],[4.418,0],[-0.005,4.416]],"v":[[0,8],[-8,0],[0,-8],[8,0]],"c":true},"ix":2},"nm":"Path 1","mn":"ADBE Vector Shape - Group","hd":false},{"ind":1,"ty":"sh","ix":2,"ks":{"a":0,"k":{"i":[[13.249,0.015],[0,-13.255],[-13.255,0],[0,13.255]],"o":[[-13.255,0],[0,13.255],[13.255,0],[-0.015,-13.249]],"v":[[0,-24],[-24,0],[0,24],[24,0]],"c":true},"ix":2},"nm":"Path 2","mn":"ADBE Vector Shape - Group","hd":false},{"ty":"mm","mm":1,"nm":"Merge Paths 1","mn":"ADBE Vector Filter - Merge","hd":false},{"ty":"fl","c":{"a":0,"k":[0,0,0,1],"ix":4},"o":{"a":0,"k":100,"ix":5},"r":1,"bm":0,"nm":"Fill 1","mn":"ADBE Vector Graphic - Fill","hd":false},{"ty":"tr","p":{"a":0,"k":[24.25,24.25],"ix":2},"a":{"a":0,"k":[0,0],"ix":1},"s":{"a":0,"k":[100,100],"ix":3},"r":{"a":0,"k":0,"ix":6},"o":{"a":0,"k":100,"ix":7},"sk":{"a":0,"k":0,"ix":4},"sa":{"a":0,"k":0,"ix":5},"nm":"Transform"}],"nm":"Group 1","np":6,"cix":2,"bm":0,"ix":1,"mn":"ADBE Vector Group","hd":false},{"ty":"gr","it":[{"ind":0,"ty":"sh","ix":1,"ks":{"a":0,"k":{"i":[[-8.837,0],[0,-8.837],[8.837,0],[0,8.837]],"o":[[8.837,0],[0,8.837],[-8.837,0],[0,-8.837]],"v":[[0,-16],[16,0],[0,16],[-16,0]],"c":true},"ix":2},"nm":"Path 1","mn":"ADBE Vector Shape - Group","hd":false},{"ty":"fl","c":{"a":0,"k":[0.086274509804,0.984313785329,0.682352941176,1],"ix":4},"o":{"a":0,"k":100,"ix":5},"r":1,"bm":0,"nm":"Fill 1","mn":"ADBE Vector Graphic - Fill","hd":false},{"ty":"tr","p":{"a":0,"k":[24.25,24.25],"ix":2},"a":{"a":0,"k":[0,0],"ix":1},"s":{"a":0,"k":[100,100],"ix":3},"r":{"a":0,"k":0,"ix":6},"o":{"a":0,"k":100,"ix":7},"sk":{"a":0,"k":0,"ix":4},"sa":{"a":0,"k":0,"ix":5},"nm":"Transform"}],"nm":"Group 2","np":4,"cix":2,"bm":0,"ix":2,"mn":"ADBE Vector Group","hd":false}],"ip":0,"op":1875,"st":0,"bm":0},{"ddd":0,"ind":9,"ty":4,"nm":"cuadro Outlines","sr":1,"ks":{"o":{"a":1,"k":[{"i":{"x":[0.833],"y":[0.833]},"o":{"x":[0.167],"y":[0.167]},"t":11,"s":[0]},{"t":15,"s":[100]}],"ix":11},"r":{"a":1,"k":[{"i":{"x":[0.273],"y":[0.999]},"o":{"x":[0.731],"y":[-0.011]},"t":2,"s":[0]},{"i":{"x":[0.431],"y":[1.001]},"o":{"x":[0.967],"y":[0.067]},"t":7,"s":[94.988]},{"t":30,"s":[0]}],"ix":10},"p":{"a":1,"k":[{"i":{"x":0,"y":1},"o":{"x":0.838,"y":0},"t":4,"s":[179.46,368.626,0],"to":[0,-26.667,0],"ti":[0,0,0]},{"i":{"x":0.323,"y":1},"o":{"x":0.822,"y":0},"t":20,"s":[179.46,208.626,0],"to":[0,0,0],"ti":[0,-26.667,0]},{"t":35,"s":[179.46,368.626,0]}],"ix":2,"l":2},"a":{"a":0,"k":[8.25,8.25,0],"ix":1,"l":2},"s":{"a":1,"k":[{"i":{"x":[0.833,0.833,0.833],"y":[0.833,0.833,0.833]},"o":{"x":[0.167,0.167,0.167],"y":[0.167,0.167,0.167]},"t":13,"s":[0,0,100]},{"i":{"x":[0.833,0.833,0.833],"y":[0.833,0.833,0.833]},"o":{"x":[0.167,0.167,0.167],"y":[0.167,0.167,0.167]},"t":16,"s":[100,100,100]},{"i":{"x":[0.121,0.121,0.833],"y":[1,1,1]},"o":{"x":[0.73,0.73,0.167],"y":[0,0,0]},"t":30,"s":[100,100,100]},{"t":32,"s":[0,0,100]}],"ix":6,"l":2}},"ao":0,"shapes":[{"ty":"gr","it":[{"ind":0,"ty":"sh","ix":1,"ks":{"a":0,"k":{"i":[[0,0],[0,0],[0,0],[0,0]],"o":[[0,0],[0,0],[0,0],[0,0]],"v":[[-8,-8],[8,-8],[8,8],[-8,8]],"c":true},"ix":2},"nm":"Path 1","mn":"ADBE Vector Shape - Group","hd":false},{"ty":"fl","c":{"a":0,"k":[0,0,0,1],"ix":4},"o":{"a":0,"k":100,"ix":5},"r":1,"bm":0,"nm":"Fill 1","mn":"ADBE Vector Graphic - Fill","hd":false},{"ty":"tr","p":{"a":0,"k":[8.25,8.25],"ix":2},"a":{"a":0,"k":[0,0],"ix":1},"s":{"a":0,"k":[100,100],"ix":3},"r":{"a":0,"k":0,"ix":6},"o":{"a":0,"k":100,"ix":7},"sk":{"a":0,"k":0,"ix":4},"sa":{"a":0,"k":0,"ix":5},"nm":"Transform"}],"nm":"Group 1","np":2,"cix":2,"bm":0,"ix":1,"mn":"ADBE Vector Group","hd":false}],"ip":0,"op":1875,"st":0,"bm":0},{"ddd":0,"ind":11,"ty":4,"nm":"cuadro2 Outlines","sr":1,"ks":{"o":{"a":1,"k":[{"i":{"x":[0.833],"y":[0.833]},"o":{"x":[0.167],"y":[0.167]},"t":11,"s":[0]},{"t":15,"s":[100]}],"ix":11},"r":{"a":1,"k":[{"i":{"x":[0.273],"y":[0.999]},"o":{"x":[0.731],"y":[-0.015]},"t":2,"s":[0]},{"i":{"x":[0.431],"y":[1.001]},"o":{"x":[0.967],"y":[0.061]},"t":9,"s":[94.988]},{"t":30,"s":[0]}],"ix":10},"p":{"a":1,"k":[{"i":{"x":0.172,"y":1},"o":{"x":0.703,"y":0},"t":8,"s":[72.528,291.798,0],"to":[0,-18.333,0],"ti":[0,-9.5,0]},{"i":{"x":0.347,"y":1},"o":{"x":0.709,"y":0},"t":19,"s":[72.528,181.798,0],"to":[0,9.5,0],"ti":[0,-27.833,0]},{"t":31,"s":[72.528,348.798,0]}],"ix":2,"l":2},"a":{"a":0,"k":[8.25,8.25,0],"ix":1,"l":2},"s":{"a":1,"k":[{"i":{"x":[0.833,0.833,0.833],"y":[0.833,0.833,0.833]},"o":{"x":[0.167,0.167,0.167],"y":[0.167,0.167,0.167]},"t":13,"s":[0,0,100]},{"i":{"x":[0.833,0.833,0.833],"y":[0.833,0.833,0.833]},"o":{"x":[0.167,0.167,0.167],"y":[0.167,0.167,0.167]},"t":16,"s":[100,100,100]},{"i":{"x":[0.121,0.121,0.833],"y":[1,1,1]},"o":{"x":[0.73,0.73,0.167],"y":[0,0,0]},"t":27,"s":[100,100,100]},{"t":29,"s":[0,0,100]}],"ix":6,"l":2}},"ao":0,"shapes":[{"ty":"gr","it":[{"ind":0,"ty":"sh","ix":1,"ks":{"a":0,"k":{"i":[[0,0],[0,0],[0,0],[0,0]],"o":[[0,0],[0,0],[0,0],[0,0]],"v":[[-8,-8],[8,-8],[8,8],[-8,8]],"c":true},"ix":2},"nm":"Path 1","mn":"ADBE Vector Shape - Group","hd":false},{"ty":"fl","c":{"a":0,"k":[0,0,0,1],"ix":4},"o":{"a":0,"k":100,"ix":5},"r":1,"bm":0,"nm":"Fill 1","mn":"ADBE Vector Graphic - Fill","hd":false},{"ty":"tr","p":{"a":0,"k":[8.25,8.25],"ix":2},"a":{"a":0,"k":[0,0],"ix":1},"s":{"a":0,"k":[100,100],"ix":3},"r":{"a":0,"k":0,"ix":6},"o":{"a":0,"k":100,"ix":7},"sk":{"a":0,"k":0,"ix":4},"sa":{"a":0,"k":0,"ix":5},"nm":"Transform"}],"nm":"Group 1","np":2,"cix":2,"bm":0,"ix":1,"mn":"ADBE Vector Group","hd":false}],"ip":0,"op":1875,"st":0,"bm":0},{"ddd":0,"ind":13,"ty":4,"nm":"cuadro 3 Outlines","sr":1,"ks":{"o":{"a":1,"k":[{"i":{"x":[0.833],"y":[0.833]},"o":{"x":[0.167],"y":[0.167]},"t":11,"s":[0]},{"t":15,"s":[100]}],"ix":11},"r":{"a":1,"k":[{"i":{"x":[0.273],"y":[0.997]},"o":{"x":[0.731],"y":[-0.046]},"t":2,"s":[0]},{"i":{"x":[0.431],"y":[1.001]},"o":{"x":[0.967],"y":[0.055]},"t":23,"s":[94.988]},{"t":42,"s":[0]}],"ix":10},"p":{"a":1,"k":[{"i":{"x":0.103,"y":1},"o":{"x":0.695,"y":0},"t":0,"s":[171.46,332.699,0],"to":[0,-13.333,0],"ti":[0,-10,0]},{"i":{"x":0.418,"y":0.963},"o":{"x":0.658,"y":0},"t":23,"s":[171.46,252.699,0],"to":[0,9.939,0],"ti":[0,-24.199,0]},{"t":32,"s":[171.46,385.26,0]}],"ix":2,"l":2},"a":{"a":0,"k":[8.25,8.25,0],"ix":1,"l":2},"s":{"a":1,"k":[{"i":{"x":[0.833,0.833,0.833],"y":[0.833,0.833,0.833]},"o":{"x":[0.167,0.167,0.167],"y":[0.167,0.167,0.167]},"t":13,"s":[0,0,100]},{"i":{"x":[0.833,0.833,0.833],"y":[0.833,0.833,0.833]},"o":{"x":[0.167,0.167,0.167],"y":[0.167,0.167,0.167]},"t":16,"s":[100,100,100]},{"i":{"x":[0.121,0.121,0.833],"y":[1,1,1]},"o":{"x":[0.73,0.73,0.167],"y":[0,0,0]},"t":28,"s":[100,100,100]},{"t":31,"s":[0,0,100]}],"ix":6,"l":2}},"ao":0,"shapes":[{"ty":"gr","it":[{"ind":0,"ty":"sh","ix":1,"ks":{"a":0,"k":{"i":[[0,0],[0,0],[0,0],[0,0]],"o":[[0,0],[0,0],[0,0],[0,0]],"v":[[-8,-8],[8,-8],[8,8],[-8,8]],"c":true},"ix":2},"nm":"Path 1","mn":"ADBE Vector Shape - Group","hd":false},{"ty":"fl","c":{"a":0,"k":[0,0,0,1],"ix":4},"o":{"a":0,"k":100,"ix":5},"r":1,"bm":0,"nm":"Fill 1","mn":"ADBE Vector Graphic - Fill","hd":false},{"ty":"tr","p":{"a":0,"k":[8.25,8.25],"ix":2},"a":{"a":0,"k":[0,0],"ix":1},"s":{"a":0,"k":[100,100],"ix":3},"r":{"a":0,"k":0,"ix":6},"o":{"a":0,"k":100,"ix":7},"sk":{"a":0,"k":0,"ix":4},"sa":{"a":0,"k":0,"ix":5},"nm":"Transform"}],"nm":"Group 1","np":2,"cix":2,"bm":0,"ix":1,"mn":"ADBE Vector Group","hd":false}],"ip":0,"op":1875,"st":0,"bm":0},{"ddd":0,"ind":15,"ty":4,"nm":"linea contornos","sr":1,"ks":{"o":{"a":1,"k":[{"i":{"x":[0.833],"y":[0.833]},"o":{"x":[0.167],"y":[0.167]},"t":11,"s":[0]},{"t":15,"s":[100]}],"ix":11},"r":{"a":1,"k":[{"i":{"x":[0],"y":[1]},"o":{"x":[0.546],"y":[-0.328]},"t":0,"s":[0]},{"i":{"x":[0.351],"y":[1]},"o":{"x":[0.741],"y":[0]},"t":49,"s":[82]},{"t":55,"s":[0]}],"ix":10},"p":{"a":1,"k":[{"i":{"x":0.258,"y":1},"o":{"x":0.766,"y":0},"t":2,"s":[322.445,323.733,0],"to":[0,-20,0],"ti":[0,0,0]},{"i":{"x":0.344,"y":1},"o":{"x":0.709,"y":0},"t":21,"s":[322.445,203.733,0],"to":[0,0,0],"ti":[0,-20,0]},{"t":41,"s":[322.445,323.733,0]}],"ix":2,"l":2},"a":{"a":0,"k":[19.082,27.079,0],"ix":1,"l":2},"s":{"a":1,"k":[{"i":{"x":[0.833,0.833,0.833],"y":[0.833,0.833,0.833]},"o":{"x":[0.167,0.167,0.167],"y":[0.167,0.167,0.167]},"t":12,"s":[0,0,100]},{"i":{"x":[0.833,0.833,0.833],"y":[0.833,0.833,0.833]},"o":{"x":[0.167,0.167,0.167],"y":[0.167,0.167,0.167]},"t":15,"s":[100,100,100]},{"i":{"x":[0.121,0.121,0.833],"y":[1,1,1]},"o":{"x":[0.73,0.73,0.167],"y":[0,0,0]},"t":29,"s":[100,100,100]},{"t":32,"s":[0,0,100]}],"ix":6,"l":2}},"ao":0,"hasMask":true,"masksProperties":[{"inv":false,"mode":"a","pt":{"a":0,"k":{"i":[[0,0],[0,0],[0,0],[0,0]],"o":[[0,0],[0,0],[0,0],[0,0]],"v":[[0.25,0.25],[0.25,53.907],[37.914,53.907],[37.914,0.25]],"c":true},"ix":1},"o":{"a":0,"k":100,"ix":3},"x":{"a":0,"k":0,"ix":4},"nm":"Máscara 1"}],"shapes":[{"ty":"gr","it":[{"ind":0,"ty":"sh","ix":1,"ks":{"a":0,"k":{"i":[[-6.862,10.363],[-4.131,4.342],[0,0],[0,-27],[0,0]],"o":[[3.305,-4.999],[0,0],[-1.075,1.076],[0,0],[0,-8.158]],"v":[[7.657,-1.483],[18.832,-15.521],[7.511,-26.828],[-18.832,26.828],[-2.832,26.828]],"c":true},"ix":2},"nm":"Trazado 1","mn":"ADBE Vector Shape - Group","hd":false},{"ty":"fl","c":{"a":0,"k":[0,0,0,1],"ix":4},"o":{"a":0,"k":100,"ix":5},"r":1,"bm":0,"nm":"Relleno 1","mn":"ADBE Vector Graphic - Fill","hd":false},{"ty":"tr","p":{"a":0,"k":[19.082,27.079],"ix":2},"a":{"a":0,"k":[0,0],"ix":1},"s":{"a":0,"k":[100,100],"ix":3},"r":{"a":0,"k":0,"ix":6},"o":{"a":0,"k":100,"ix":7},"sk":{"a":0,"k":0,"ix":4},"sa":{"a":0,"k":0,"ix":5},"nm":"Transform"}],"nm":"Grupo 1","np":4,"cix":2,"bm":0,"ix":1,"mn":"ADBE Vector Group","hd":false}],"ip":0,"op":1875,"st":0,"bm":0},{"ddd":0,"ind":17,"ty":4,"nm":"hoja Outlines","sr":1,"ks":{"o":{"a":1,"k":[{"i":{"x":[0.833],"y":[0.833]},"o":{"x":[0.167],"y":[0.167]},"t":11,"s":[0]},{"t":15,"s":[100]}],"ix":11},"r":{"a":1,"k":[{"i":{"x":[0],"y":[1]},"o":{"x":[0.546],"y":[-1.544]},"t":0,"s":[0]},{"i":{"x":[0.351],"y":[1.002]},"o":{"x":[0.741],"y":[-0.003]},"t":45,"s":[16]},{"t":55,"s":[0]}],"ix":10},"p":{"a":1,"k":[{"i":{"x":0.281,"y":1},"o":{"x":0.95,"y":0},"t":0,"s":[237.168,433.08,0],"to":[0,-23.333,0],"ti":[0,0,0]},{"i":{"x":0.295,"y":1},"o":{"x":0.842,"y":0},"t":19,"s":[237.168,293.08,0],"to":[0,0,0],"ti":[0,-23.333,0]},{"t":44,"s":[237.168,433.08,0]}],"ix":2,"l":2},"a":{"a":0,"k":[69.08,69.081,0],"ix":1,"l":2},"s":{"a":1,"k":[{"i":{"x":[0.833,0.833,0.833],"y":[0.833,0.833,0.833]},"o":{"x":[0.167,0.167,0.167],"y":[0.167,0.167,0.167]},"t":-3,"s":[0,0,100]},{"i":{"x":[0.833,0.833,0.833],"y":[0.833,0.833,0.833]},"o":{"x":[0.167,0.167,0.167],"y":[0.167,0.167,0.167]},"t":12,"s":[0,0,100]},{"i":{"x":[0.833,0.833,0.833],"y":[0.833,0.833,0.833]},"o":{"x":[0.167,0.167,0.167],"y":[0.167,0.167,0.167]},"t":15,"s":[100,100,100]},{"i":{"x":[0.121,0.121,0.833],"y":[1,1,1]},"o":{"x":[0.73,0.73,0.167],"y":[0,0,0]},"t":29,"s":[100,100,100]},{"t":32,"s":[0,0,100]}],"ix":6,"l":2}},"ao":0,"shapes":[{"ty":"gr","it":[{"ind":0,"ty":"sh","ix":1,"ks":{"a":0,"k":{"i":[[-10.498,10.498],[-8.218,-1.714],[-0.324,2.932],[-13.62,-4.616],[-1.346,1.264],[-7.632,-7.63],[10.758,-11.428],[-0.594,-1.75],[13.95,-1.54],[-0.6,-2.886],[5.174,-5.174],[17.956,15.72],[0,0],[-0.12,0],[-0.066,2.72],[2.76,0.066],[0,0],[0,0],[-0.016,0],[-0.04,2.736],[2.76,0.042],[0,0],[0,0],[1.954,1.952],[1.95,-1.954],[0,0],[0,0],[2.728,0],[0,0],[-0.042,-2.762],[0,0],[0,0],[0,0],[2.738,-0.04],[-0.064,-2.76],[0,0],[0,0]],"o":[[5.96,-5.962],[2.888,0.598],[1.526,-13.842],[1.752,0.592],[11.43,-10.758],[7.632,7.632],[-1.266,1.346],[4.562,13.468],[-2.932,0.324],[2.046,9.828],[-10.498,10.498],[0,0],[0.12,0.002],[2.708,0],[0.064,-2.76],[0,0],[0,0],[0.018,0],[2.726,0],[0.042,-2.76],[0,0],[0,0],[1.954,-1.952],[-1.952,-1.954],[0,0],[0,0],[-0.04,-2.736],[0,0],[-2.762,0.042],[0,0],[0,0],[0,0],[-0.066,-2.76],[-2.76,0.066],[0,0],[0,0],[-15.718,-17.954]],"v":[[-46.182,-21.801],[-22.918,-26.651],[-16.928,-30.999],[11.092,-43.927],[16.124,-45.021],[50.69,-50.691],[45.02,-16.125],[43.926,-11.093],[30.998,16.927],[26.65,22.917],[21.8,46.181],[-29.242,36.313],[-18.638,25.709],[13.972,26.475],[18.97,21.593],[14.088,16.477],[-8.864,15.937],[15.254,-8.181],[33.01,-7.917],[38.008,-12.843],[33.084,-17.917],[25.11,-18.035],[43.152,-36.077],[43.152,-43.147],[36.082,-43.147],[18.04,-25.105],[17.906,-34.089],[12.908,-39.015],[12.832,-39.015],[7.908,-33.941],[8.186,-15.251],[-15.936,8.863],[-16.488,-14.609],[-21.604,-19.491],[-26.486,-14.375],[-25.71,18.637],[-36.314,29.241]],"c":true},"ix":2},"nm":"Path 1","mn":"ADBE Vector Shape - Group","hd":false},{"ind":1,"ty":"sh","ix":2,"ks":{"a":0,"k":{"i":[[-15.58,15.58],[1.202,11.134],[4.994,18.168],[11.07,11.07],[15.338,-12.902],[4.252,-14.586],[6.662,-6.664],[-23.026,-23.024]],"o":[[6.666,-6.664],[14.716,-4.284],[12.9,-15.334],[-11.07,-11.07],[-18.31,-5.038],[-11.13,-1.2],[-15.576,15.576],[23.018,23.016]],"v":[[28.868,53.251],[37.228,25.853],[54.264,-11.475],[57.76,-57.761],[11.472,-54.265],[-25.856,-37.229],[-53.254,-28.869],[-39.97,39.969]],"c":true},"ix":2},"nm":"Path 2","mn":"ADBE Vector Shape - Group","hd":false},{"ty":"mm","mm":1,"nm":"Merge Paths 1","mn":"ADBE Vector Filter - Merge","hd":false},{"ty":"fl","c":{"a":0,"k":[0,0,0,1],"ix":4},"o":{"a":0,"k":100,"ix":5},"r":1,"bm":0,"nm":"Fill 1","mn":"ADBE Vector Graphic - Fill","hd":false},{"ty":"tr","p":{"a":0,"k":[69.08,69.081],"ix":2},"a":{"a":0,"k":[0,0],"ix":1},"s":{"a":0,"k":[100,100],"ix":3},"r":{"a":0,"k":0,"ix":6},"o":{"a":0,"k":100,"ix":7},"sk":{"a":0,"k":0,"ix":4},"sa":{"a":0,"k":0,"ix":5},"nm":"Transform"}],"nm":"Group 1","np":6,"cix":2,"bm":0,"ix":1,"mn":"ADBE Vector Group","hd":false},{"ty":"gr","it":[{"ind":0,"ty":"sh","ix":1,"ks":{"a":0,"k":{"i":[[2.302,11.056],[6.142,18.13],[9.69,9.688],[13.49,-12.7],[1.744,-15.82],[6.632,-6.63],[-20.726,-20.726],[-13.388,13.388]],"o":[[15.94,-1.758],[12.7,-13.49],[-9.69,-9.69],[-18.258,-6.186],[-11.056,-2.302],[-13.388,13.388],[20.726,20.726],[6.63,-6.632]],"v":[[31.14,22.302],[48.256,-12.292],[53.82,-53.82],[12.292,-48.256],[-22.302,-31.14],[-50.122,-24.93],[-36.838,36.838],[24.93,50.122]],"c":true},"ix":2},"nm":"Path 1","mn":"ADBE Vector Shape - Group","hd":false},{"ty":"fl","c":{"a":0,"k":[0,0.729411764706,0.533333333333,1],"ix":4},"o":{"a":0,"k":100,"ix":5},"r":1,"bm":0,"nm":"Fill 1","mn":"ADBE Vector Graphic - Fill","hd":false},{"ty":"tr","p":{"a":0,"k":[69.484,68.674],"ix":2},"a":{"a":0,"k":[0,0],"ix":1},"s":{"a":0,"k":[100,100],"ix":3},"r":{"a":0,"k":0,"ix":6},"o":{"a":0,"k":100,"ix":7},"sk":{"a":0,"k":0,"ix":4},"sa":{"a":0,"k":0,"ix":5},"nm":"Transform"}],"nm":"Group 2","np":4,"cix":2,"bm":0,"ix":2,"mn":"ADBE Vector Group","hd":false}],"ip":0,"op":1875,"st":0,"bm":0},{"ddd":0,"ind":19,"ty":4,"nm":"Capa 12 Outlines","sr":1,"ks":{"o":{"a":1,"k":[{"i":{"x":[0.833],"y":[0.833]},"o":{"x":[0.167],"y":[0.167]},"t":-50,"s":[0]},{"t":-46,"s":[100]}],"ix":11},"r":{"a":1,"k":[{"i":{"x":[0],"y":[1]},"o":{"x":[0.546],"y":[-1.098]},"t":-58,"s":[0]},{"i":{"x":[0.351],"y":[1.006]},"o":{"x":[0.741],"y":[-0.006]},"t":-26,"s":[16]},{"t":-3,"s":[0]}],"ix":10},"p":{"a":1,"k":[{"i":{"x":0.06,"y":1},"o":{"x":0.786,"y":0},"t":-58,"s":[350.217,361.878,0],"to":[0,-13.333,0],"ti":[0,-0.004,0]},{"i":{"x":0.292,"y":1},"o":{"x":1,"y":0},"t":-37,"s":[350.217,281.878,0],"to":[0,0.004,0],"ti":[0,-13.337,0]},{"t":-21,"s":[350.217,361.9,0]}],"ix":2,"l":2},"a":{"a":0,"k":[31.277,31.259,0],"ix":1,"l":2},"s":{"a":1,"k":[{"i":{"x":[0.833,0.833,0.833],"y":[0.833,0.833,0.833]},"o":{"x":[0.167,0.167,0.167],"y":[0.167,0.167,0.167]},"t":-61,"s":[0,0,100]},{"i":{"x":[0.833,0.833,0.833],"y":[0.833,0.833,0.833]},"o":{"x":[0.167,0.167,0.167],"y":[0.167,0.167,0.167]},"t":-48,"s":[0,0,100]},{"i":{"x":[0.833,0.833,0.833],"y":[0.833,0.833,0.833]},"o":{"x":[0.167,0.167,0.167],"y":[0.167,0.167,0.167]},"t":-45,"s":[100,100,100]},{"i":{"x":[0.833,0.833,0.833],"y":[0.833,0.833,0.833]},"o":{"x":[0.167,0.167,0.167],"y":[0.167,0.167,0.167]},"t":-30,"s":[100,100,100]},{"t":-27,"s":[0,0,100]}],"ix":6,"l":2}},"ao":0,"hasMask":true,"masksProperties":[{"inv":false,"mode":"s","pt":{"a":0,"k":{"i":[[0,0],[0,0],[0,0],[0,0]],"o":[[0,0],[0,0],[0,0],[0,0]],"v":[[0.323,1.228],[0.323,2.228],[1.323,2.228],[1.323,1.228]],"c":true},"ix":1},"o":{"a":0,"k":100,"ix":3},"x":{"a":0,"k":0,"ix":4},"nm":"Máscara 1"}],"shapes":[{"ty":"gr","it":[{"ind":0,"ty":"sh","ix":1,"ks":{"a":0,"k":{"i":[[7.868,7.866],[-5.706,8.882],[0,0]],"o":[[-7.988,-7.99],[0,0],[-9.01,5.766]],"v":[[-10.943,10.959],[-14.101,-18.071],[18.081,14.111]],"c":true},"ix":2},"nm":"Path 1","mn":"ADBE Vector Shape - Group","hd":false},{"ind":1,"ty":"sh","ix":2,"ks":{"a":0,"k":{"i":[[1.95,-1.95],[-13.014,-13.012],[-12.984,12.982],[1.95,1.948],[0,0]],"o":[[-13.012,13.01],[12.98,12.98],[1.956,-1.958],[0,0],[-1.952,-1.954]],"v":[[-18.013,-29.057],[-18.013,18.027],[29.071,18.027],[29.071,10.955],[-10.943,-29.055]],"c":true},"ix":2},"nm":"Path 2","mn":"ADBE Vector Shape - Group","hd":false},{"ty":"mm","mm":1,"nm":"Merge Paths 1","mn":"ADBE Vector Filter - Merge","hd":false},{"ty":"fl","c":{"a":0,"k":[0,0,0,1],"ix":4},"o":{"a":0,"k":100,"ix":5},"r":1,"bm":0,"nm":"Fill 1","mn":"ADBE Vector Graphic - Fill","hd":false},{"ty":"tr","p":{"a":0,"k":[31.277,31.259],"ix":2},"a":{"a":0,"k":[0,0],"ix":1},"s":{"a":0,"k":[100,100],"ix":3},"r":{"a":0,"k":0,"ix":6},"o":{"a":0,"k":100,"ix":7},"sk":{"a":0,"k":0,"ix":4},"sa":{"a":0,"k":0,"ix":5},"nm":"Transform"}],"nm":"Group 1","np":6,"cix":2,"bm":0,"ix":1,"mn":"ADBE Vector Group","hd":false},{"ty":"gr","it":[{"ind":0,"ty":"sh","ix":1,"ks":{"a":0,"k":{"i":[[-11.05,-11.05],[-11.05,11.05],[0,0]],"o":[[11.05,11.05],[0,0],[-11.05,11.05]],"v":[[-14.482,14.482],[25.532,14.482],[-14.482,-25.532]],"c":true},"ix":2},"nm":"Path 1","mn":"ADBE Vector Shape - Group","hd":false},{"ty":"fl","c":{"a":0,"k":[1,0.517647058824,0.717647058824,1],"ix":4},"o":{"a":0,"k":100,"ix":5},"r":1,"bm":0,"nm":"Fill 1","mn":"ADBE Vector Graphic - Fill","hd":false},{"ty":"tr","p":{"a":0,"k":[31.28,31.27],"ix":2},"a":{"a":0,"k":[0,0],"ix":1},"s":{"a":0,"k":[100,100],"ix":3},"r":{"a":0,"k":0,"ix":6},"o":{"a":0,"k":100,"ix":7},"sk":{"a":0,"k":0,"ix":4},"sa":{"a":0,"k":0,"ix":5},"nm":"Transform"}],"nm":"Group 2","np":4,"cix":2,"bm":0,"ix":2,"mn":"ADBE Vector Group","hd":false}],"ip":-58,"op":1817,"st":-58,"bm":0},{"ddd":0,"ind":21,"ty":4,"nm":"sarten Outlines","sr":1,"ks":{"o":{"a":0,"k":100,"ix":11},"r":{"a":1,"k":[{"i":{"x":[0],"y":[1]},"o":{"x":[0.546],"y":[-0.789]},"t":0,"s":[0]},{"i":{"x":[0.263],"y":[1.006]},"o":{"x":[0.741],"y":[-0.006]},"t":23,"s":[16]},{"t":46,"s":[0]}],"ix":10},"p":{"a":0,"k":[321.042,340.385,0],"ix":2,"l":2},"a":{"a":0,"k":[258.347,170.554,0],"ix":1,"l":2},"s":{"a":0,"k":[100,100,100],"ix":6,"l":2}},"ao":0,"shapes":[{"ty":"gr","it":[{"ind":0,"ty":"sh","ix":1,"ks":{"a":0,"k":{"i":[[-23.423,13.218],[-8.261,3.851],[-35.174,7.778],[-27.627,-2.97],[-3.135,-9.012],[81.023,-28.182],[7.691,22.092],[-6.856,4.957]],"o":[[7.899,-4.458],[32.708,-15.246],[26.868,-5.941],[7.994,0.859],[7.686,22.097],[-81.02,28.181],[-3.415,-9.81],[21.831,-15.786]],"v":[[-78.32,-16.297],[-54.103,-28.799],[48.699,-62.156],[132.175,-70.6],[156.536,-58.909],[11.782,36.292],[-160.807,51.479],[-145.607,28.244]],"c":true},"ix":2},"nm":"Path 1","mn":"ADBE Vector Shape - Group","hd":false},{"ty":"fl","c":{"a":0,"k":[0.431372578939,0.443137284821,0.56862745098,1],"ix":4},"o":{"a":0,"k":100,"ix":5},"r":1,"bm":0,"nm":"Fill 1","mn":"ADBE Vector Graphic - Fill","hd":false},{"ty":"tr","p":{"a":0,"k":[178.198,176.637],"ix":2},"a":{"a":0,"k":[0,0],"ix":1},"s":{"a":0,"k":[100,100],"ix":3},"r":{"a":0,"k":0,"ix":6},"o":{"a":0,"k":100,"ix":7},"sk":{"a":0,"k":0,"ix":4},"sa":{"a":0,"k":0,"ix":5},"nm":"Transform"}],"nm":"Group 1","np":4,"cix":2,"bm":0,"ix":1,"mn":"ADBE Vector Group","hd":false},{"ty":"gr","it":[{"ind":0,"ty":"sh","ix":1,"ks":{"a":0,"k":{"i":[[3.952,-1.976],[0.051,-0.024],[0,0],[6.101,5.179],[0,0],[-1.91,-3.841],[0,0]],"o":[[-0.05,0.025],[0,0],[-0.164,-8.002],[0,0],[3.911,-1.763],[0,0],[1.976,3.952]],"v":[[234.302,-126.222],[234.15,-126.148],[134.713,-77.709],[124.861,-98.437],[225.579,-144.424],[236.005,-140.702],[237.879,-136.955]],"c":true},"ix":2},"nm":"Path 1","mn":"ADBE Vector Shape - Group","hd":false},{"ind":1,"ty":"sh","ix":2,"ks":{"a":0,"k":{"i":[[2.948,-2.273],[0,0],[1.459,0.189],[0,0],[2.414,3.701],[3.701,-2.414],[0.044,-0.03],[0,0],[-6.508,0.011],[-0.008,-6.619]],"o":[[0,0],[-1.424,0.375],[0,0],[3.701,-2.414],[-2.414,-3.7],[-0.044,0.029],[0,0],[0.16,-6.505],[6.619,-0.008],[0.004,3.723]],"v":[[114.059,-67.645],[109.66,-65.5],[105.295,-65.218],[107.168,-66.467],[109.497,-77.539],[98.425,-79.867],[98.293,-79.779],[94.746,-77.414],[106.728,-89.124],[118.728,-77.153]],"c":true},"ix":2},"nm":"Path 2","mn":"ADBE Vector Shape - Group","hd":false},{"ind":2,"ty":"sh","ix":3,"ks":{"a":0,"k":{"i":[[76.893,-26.745],[0,0],[38.605,14.135],[14.5,22.429],[-8.522,0.117],[-5.566,0.381],[-34.838,10.343],[-8.851,3.078],[-19.356,9.035],[0,0],[-15.4,10.559],[-6.978,8.432]],"o":[[0,0],[-42.662,14.839],[-28.524,-10.444],[8.364,1.637],[4.901,0],[27.583,-1.892],[0.7,0.112],[20.186,-6.987],[0,0],[20.929,-9.849],[13.779,-9.447],[6.019,63.887]],"v":[[-37.605,136.805],[-37.605,136.805],[-163.626,137.898],[-229.225,87.563],[-203.826,89.849],[-188.126,89.277],[-92.509,70.461],[-63.882,61.246],[-4.529,37.197],[-4.121,37.007],[50.937,6.124],[82.073,-20.695]],"c":true},"ix":2},"nm":"Path 3","mn":"ADBE Vector Shape - Group","hd":false},{"ind":3,"ty":"sh","ix":4,"ks":{"a":0,"k":{"i":[[1.147,3.29],[0,0],[0,0],[0.051,0.259],[0.021,-0.055],[0.002,-0.004],[0.036,-0.04],[0.02,-0.015],[0.034,-0.015],[0.079,0],[-0.644,0],[-0.071,-0.045],[-0.014,-0.012],[-0.029,-0.073],[-3.851,5.138],[-7.811,-6.463],[3.44,0.804]],"o":[[0,0],[0,0],[-0.083,-0.24],[-0.003,0.06],[-0.002,0.004],[-0.02,0.05],[-0.017,0.019],[-0.028,0.022],[-0.059,0.026],[-0.645,0],[0.106,0],[0.015,0.01],[0.061,0.051],[-0.486,-3.158],[4.722,8.972],[-3.517,-0.328],[-7.577,-1.838]],"v":[[-240.956,63.549],[-240.956,63.544],[-240.96,63.545],[-241.155,62.793],[-241.19,62.967],[-241.197,62.978],[-241.28,63.116],[-241.341,63.162],[-241.427,63.224],[-241.633,63.266],[-241.633,62.266],[-241.374,62.345],[-241.331,62.377],[-241.192,62.562],[-235.967,49.818],[-216.98,73.2],[-227.428,71.5]],"c":true},"ix":2},"nm":"Path 4","mn":"ADBE Vector Shape - Group","hd":false},{"ind":4,"ty":"sh","ix":5,"ks":{"a":0,"k":{"i":[[0,0],[7.813,-4.439],[-1.533,11.475],[-4.043,0.004],[-0.001,-4.418],[0.037,-0.31],[0,0],[0.119,-0.119]],"o":[[-6.622,4.51],[5.221,-10.333],[0.546,-4.007],[4.419,-0.002],[0,0.312],[0,0],[-1.686,14.34],[0,0]],"v":[[41.225,-6.627],[19.525,6.82],[29.727,-26.124],[37.736,-33.124],[45.739,-25.127],[45.684,-24.193],[45.682,-24.195],[41.07,-6.782]],"c":true},"ix":2},"nm":"Path 5","mn":"ADBE Vector Shape - Group","hd":false},{"ind":5,"ty":"sh","ix":6,"ks":{"a":0,"k":{"i":[[-13.243,5.284],[-4.042,-4.803],[0,0],[2.286,3.897],[-3.84,1.337],[-33.682,2.31],[-9.315,-2.261],[-1.146,-3.293],[4.802,-6.146],[3.296,-2.982],[13.198,1.418],[1.732,-12.913],[4.932,-4.34],[19.146,-6.627],[8.05,-2.443],[12.515,31.648]],"o":[[3.028,5.498],[0,0],[-2.906,-3.461],[3.817,-1.409],[43.75,-15.217],[15.674,-1.074],[7.581,1.838],[1.145,3.293],[-2.78,3.469],[1.418,-13.198],[-12.954,-1.392],[-4.064,29.911],[-18.387,8.513],[-8.162,2.838],[-31.606,-6.1],[11.933,-5.82]],"v":[[-122.048,-19.492],[-111.418,-4.002],[-99.126,-14.245],[-106.927,-25.302],[-95.427,-29.426],[24.655,-56.607],[62.855,-54.794],[76.387,-46.837],[70.715,-32.201],[61.586,-22.508],[40.257,-48.974],[13.867,-28.272],[-12.811,23.41],[-69.146,46.134],[-93.463,54.056],[-159.932,-2.792]],"c":true},"ix":2},"nm":"Path 6","mn":"ADBE Vector Shape - Group","hd":false},{"ind":6,"ty":"sh","ix":7,"ks":{"a":0,"k":{"i":[[5.741,11.947],[0.057,0.112],[0,0],[11.742,-5.317],[0,0],[-0.036,-12.71],[-1.06,-2.992],[0,0],[71.133,-24.743],[4.154,-1.543],[0.006,0.022],[0,0],[11.387,-5.493],[2.91,-1.666],[1.977,-1.183],[13.917,-9.879],[6.293,-5.545],[2.594,-6.45],[-2.024,-5.82],[-42.627,-15.608],[-22.278,0.094],[-22.954,8.059],[-23.424,38.179],[13.438,38.638],[0.339,0.703],[-8.067,2.223],[0,0]],"o":[[-0.054,-0.113],[0,0],[-5.745,-11.538],[0,0],[-12.248,3.398],[-0.002,3.174],[0,0],[-31.391,-15.7],[-4.179,1.453],[-0.005,-0.022],[0,0],[-12.502,5.012],[-2.742,1.436],[-1.931,1.106],[-14.649,8.766],[-6.841,4.855],[-5.229,4.605],[-2.267,5.638],[13.441,38.638],[20.954,7.569],[24.328,-0.084],[46.141,-16.049],[23.741,-38.693],[-0.261,-0.736],[6.829,4.834],[0,0],[11.948,-5.741]],"v":[[252.356,-143.767],[252.19,-144.105],[250.316,-147.852],[218.985,-158.998],[99.405,-104.398],[78.728,-77.124],[80.327,-67.806],[77.975,-66.237],[-100.681,-44.537],[-113.181,-40.043],[-113.196,-40.109],[-129.023,-33.925],[-164.935,-18.132],[-173.43,-13.464],[-179.298,-10.024],[-222.004,18.207],[-242.748,33.178],[-255.121,51.129],[-256.073,68.801],[-169.127,152.922],[-103.773,164.222],[-32.349,151.922],[75.528,67.829],[91.504,-52.09],[90.603,-54.25],[114.137,-50.124],[241.118,-111.74]],"c":true},"ix":2},"nm":"Path 7","mn":"ADBE Vector Shape - Group","hd":false},{"ty":"mm","mm":1,"nm":"Merge Paths 1","mn":"ADBE Vector Filter - Merge","hd":false},{"ty":"fl","c":{"a":0,"k":[0,0,0,1],"ix":4},"o":{"a":0,"k":100,"ix":5},"r":1,"bm":0,"nm":"Fill 1","mn":"ADBE Vector Graphic - Fill","hd":false},{"ty":"tr","p":{"a":0,"k":[258.347,164.565],"ix":2},"a":{"a":0,"k":[0,0],"ix":1},"s":{"a":0,"k":[100,100],"ix":3},"r":{"a":0,"k":0,"ix":6},"o":{"a":0,"k":100,"ix":7},"sk":{"a":0,"k":0,"ix":4},"sa":{"a":0,"k":0,"ix":5},"nm":"Transform"}],"nm":"Group 2","np":11,"cix":2,"bm":0,"ix":2,"mn":"ADBE Vector Group","hd":false},{"ty":"gr","it":[{"ind":0,"ty":"sh","ix":1,"ks":{"a":0,"k":{"i":[[-26.79,-17.856],[0,0],[0.023,0.505],[0,0],[0,0]],"o":[[0,0],[-19.552,-13.035],[0.007,0.135],[0,0],[0,2.076]],"v":[[9.344,19.43],[18.219,6.118],[-2.219,-19.43],[-2.219,-19.225],[-18.219,-19.225]],"c":true},"ix":2},"nm":"Path 1","mn":"ADBE Vector Shape - Group","hd":false},{"ty":"fl","c":{"a":0,"k":[0,0,0,1],"ix":4},"o":{"a":0,"k":100,"ix":5},"r":1,"bm":0,"nm":"Fill 1","mn":"ADBE Vector Graphic - Fill","hd":false},{"ty":"tr","p":{"a":0,"k":[75.293,214.666],"ix":2},"a":{"a":0,"k":[0,0],"ix":1},"s":{"a":0,"k":[100,100],"ix":3},"r":{"a":0,"k":0,"ix":6},"o":{"a":0,"k":100,"ix":7},"sk":{"a":0,"k":0,"ix":4},"sa":{"a":0,"k":0,"ix":5},"nm":"Transform"}],"nm":"Group 3","np":4,"cix":2,"bm":0,"ix":3,"mn":"ADBE Vector Group","hd":false},{"ty":"gr","it":[{"ind":0,"ty":"sh","ix":1,"ks":{"a":0,"k":{"i":[[0,0],[0,0],[0,0],[0,0]],"o":[[0,0],[0,0],[0,0],[0,0]],"v":[[-8,-8],[8,-8],[8,8],[-8,8]],"c":true},"ix":2},"nm":"Path 1","mn":"ADBE Vector Shape - Group","hd":false},{"ty":"fl","c":{"a":0,"k":[0,0,0,1],"ix":4},"o":{"a":0,"k":100,"ix":5},"r":1,"bm":0,"nm":"Fill 1","mn":"ADBE Vector Graphic - Fill","hd":false},{"ty":"tr","p":{"a":0,"k":[153.074,179.441],"ix":2},"a":{"a":0,"k":[0,0],"ix":1},"s":{"a":0,"k":[100,100],"ix":3},"r":{"a":0,"k":0,"ix":6},"o":{"a":0,"k":100,"ix":7},"sk":{"a":0,"k":0,"ix":4},"sa":{"a":0,"k":0,"ix":5},"nm":"Transform"}],"nm":"Group 4","np":4,"cix":2,"bm":0,"ix":4,"mn":"ADBE Vector Group","hd":false},{"ty":"gr","it":[{"ind":0,"ty":"sh","ix":1,"ks":{"a":0,"k":{"i":[[13.618,20.098],[6.294,18.085],[-91.81,31.932],[-17.086,12.572]],"o":[[-58.706,12.265],[26.128,75.113],[20.05,-6.928],[-106.023,17.716]],"v":[[-25.507,-37.081],[-134.782,-45.001],[78.759,33.184],[134.782,3.767]],"c":true},"ix":2},"nm":"Path 1","mn":"ADBE Vector Shape - Group","hd":false},{"ty":"fl","c":{"a":0,"k":[0.850980451995,0.85882358925,0.913725550034,1],"ix":4},"o":{"a":0,"k":100,"ix":5},"r":1,"bm":0,"nm":"Fill 1","mn":"ADBE Vector Graphic - Fill","hd":false},{"ty":"tr","p":{"a":0,"k":[144.615,275.742],"ix":2},"a":{"a":0,"k":[0,0],"ix":1},"s":{"a":0,"k":[100,100],"ix":3},"r":{"a":0,"k":0,"ix":6},"o":{"a":0,"k":100,"ix":7},"sk":{"a":0,"k":0,"ix":4},"sa":{"a":0,"k":0,"ix":5},"nm":"Transform"}],"nm":"Group 5","np":4,"cix":2,"bm":0,"ix":5,"mn":"ADBE Vector Group","hd":false},{"ty":"gr","it":[{"ind":0,"ty":"sh","ix":1,"ks":{"a":0,"k":{"i":[[-20.107,12.692],[0,0],[7.823,-3.505],[0,0]],"o":[[0,0],[-3.834,-7.668],[0,0],[71.119,-6.468]],"v":[[69.491,-15.875],[68.701,-17.456],[47.848,-24.902],[-69.491,28.407]],"c":true},"ix":2},"nm":"Path 1","mn":"ADBE Vector Shape - Group","hd":false},{"ty":"fl","c":{"a":0,"k":[1,0.517647058824,0.717647058824,1],"ix":4},"o":{"a":0,"k":100,"ix":5},"r":1,"bm":0,"nm":"Fill 1","mn":"ADBE Vector Graphic - Fill","hd":false},{"ty":"tr","p":{"a":0,"k":[432.807,37.744],"ix":2},"a":{"a":0,"k":[0,0],"ix":1},"s":{"a":0,"k":[100,100],"ix":3},"r":{"a":0,"k":0,"ix":6},"o":{"a":0,"k":100,"ix":7},"sk":{"a":0,"k":0,"ix":4},"sa":{"a":0,"k":0,"ix":5},"nm":"Transform"}],"nm":"Group 6","np":4,"cix":2,"bm":0,"ix":6,"mn":"ADBE Vector Group","hd":false},{"ty":"gr","it":[{"ind":0,"ty":"sh","ix":1,"ks":{"a":0,"k":{"i":[[0.072,-0.617],[3.87,-3.87],[0,0],[21.49,-10.07],[-4.66,34.31],[-8.028,0.019],[0,0],[0.001,-8.837]],"o":[[-1.03,8.77],[0,0],[-14.92,10.27],[4.67,-3.91],[1.055,-7.959],[0,0],[8.837,0.001],[0,0.621]],"v":[[30.931,-17.77],[24.03,4.37],[24.111,4.75],[-31.039,35.63],[-0.9,-21.7],[14.961,-35.63],[15.04,-35.63],[31.038,-19.628]],"c":true},"ix":2},"nm":"Path 1","mn":"ADBE Vector Shape - Group","hd":false},{"ty":"fl","c":{"a":0,"k":[0.956862804936,0.717647058824,0.250980392157,1],"ix":4},"o":{"a":0,"k":100,"ix":5},"r":1,"bm":0,"nm":"Fill 1","mn":"ADBE Vector Graphic - Fill","hd":false},{"ty":"tr","p":{"a":0,"k":[281.044,159.071],"ix":2},"a":{"a":0,"k":[0,0],"ix":1},"s":{"a":0,"k":[100,100],"ix":3},"r":{"a":0,"k":0,"ix":6},"o":{"a":0,"k":100,"ix":7},"sk":{"a":0,"k":0,"ix":4},"sa":{"a":0,"k":0,"ix":5},"nm":"Transform"}],"nm":"Group 7","np":4,"cix":2,"bm":0,"ix":7,"mn":"ADBE Vector Group","hd":false},{"ty":"gr","it":[{"ind":0,"ty":"sh","ix":1,"ks":{"a":0,"k":{"i":[[0,0],[91.8,-31.933],[26.127,75.112]],"o":[[26.127,75.115],[-91.8,31.933],[0,0]],"v":[[153.168,-112.88],[34.247,80.947],[-179.295,2.762]],"c":true},"ix":2},"nm":"Path 1","mn":"ADBE Vector Shape - Group","hd":false},{"ty":"fl","c":{"a":0,"k":[0.627450980392,0.639215686275,0.741176470588,1],"ix":4},"o":{"a":0,"k":100,"ix":5},"r":1,"bm":0,"nm":"Fill 1","mn":"ADBE Vector Graphic - Fill","hd":false},{"ty":"tr","p":{"a":0,"k":[189.127,227.979],"ix":2},"a":{"a":0,"k":[0,0],"ix":1},"s":{"a":0,"k":[100,100],"ix":3},"r":{"a":0,"k":0,"ix":6},"o":{"a":0,"k":100,"ix":7},"sk":{"a":0,"k":0,"ix":4},"sa":{"a":0,"k":0,"ix":5},"nm":"Transform"}],"nm":"Group 8","np":4,"cix":2,"bm":0,"ix":8,"mn":"ADBE Vector Group","hd":false},{"ty":"gr","it":[{"ind":0,"ty":"sh","ix":1,"ks":{"a":0,"k":{"i":[[-11.046,0],[0,-11.046],[11.046,0],[0,11.046]],"o":[[11.046,0],[0,11.046],[-11.046,0],[0,-11.046]],"v":[[0,-20],[20,0],[0,20],[-20,0]],"c":true},"ix":2},"nm":"Path 1","mn":"ADBE Vector Shape - Group","hd":false},{"ty":"fl","c":{"a":0,"k":[1,0.517647058824,0.717647058824,1],"ix":4},"o":{"a":0,"k":100,"ix":5},"r":1,"bm":0,"nm":"Fill 1","mn":"ADBE Vector Graphic - Fill","hd":false},{"ty":"tr","p":{"a":0,"k":[365.074,87.441],"ix":2},"a":{"a":0,"k":[0,0],"ix":1},"s":{"a":0,"k":[100,100],"ix":3},"r":{"a":0,"k":0,"ix":6},"o":{"a":0,"k":100,"ix":7},"sk":{"a":0,"k":0,"ix":4},"sa":{"a":0,"k":0,"ix":5},"nm":"Transform"}],"nm":"Group 9","np":4,"cix":2,"bm":0,"ix":9,"mn":"ADBE Vector Group","hd":false},{"ty":"gr","it":[{"ind":0,"ty":"sh","ix":1,"ks":{"a":0,"k":{"i":[[0,0],[0,0],[3.827,7.965],[0.037,0.075],[0,0],[7.823,-3.505],[0,0]],"o":[[0,0],[7.965,-3.827],[-0.037,-0.076],[0,0],[-3.834,-7.668],[0,0],[0,0]],"v":[[-62.622,49.051],[64.304,-12.777],[71.796,-34.128],[71.685,-34.354],[69.812,-38.1],[48.958,-45.546],[-75.622,11.051]],"c":true},"ix":2},"nm":"Path 1","mn":"ADBE Vector Shape - Group","hd":false},{"ty":"fl","c":{"a":0,"k":[0.929411824544,0.180392156863,0.494117676978,1],"ix":4},"o":{"a":0,"k":100,"ix":5},"r":1,"bm":0,"nm":"Fill 1","mn":"ADBE Vector Graphic - Fill","hd":false},{"ty":"tr","p":{"a":0,"k":[431.697,58.389],"ix":2},"a":{"a":0,"k":[0,0],"ix":1},"s":{"a":0,"k":[100,100],"ix":3},"r":{"a":0,"k":0,"ix":6},"o":{"a":0,"k":100,"ix":7},"sk":{"a":0,"k":0,"ix":4},"sa":{"a":0,"k":0,"ix":5},"nm":"Transform"}],"nm":"Group 10","np":4,"cix":2,"bm":0,"ix":10,"mn":"ADBE Vector Group","hd":false}],"ip":0,"op":1875,"st":0,"bm":0}],"markers":[]}