{"v":"5.5.1","fr":25,"ip":0,"op":25,"w":28,"h":28,"nm":"camera-icon-black","ddd":0,"assets":[],"layers":[{"ddd":0,"ind":1,"ty":4,"nm":"camera-icon Outlines","sr":1,"ks":{"o":{"a":0,"k":100,"ix":11},"r":{"a":0,"k":0,"ix":10},"p":{"a":0,"k":[14,14,0],"ix":2},"a":{"a":0,"k":[16,13,0],"ix":1},"s":{"a":0,"k":[50,50,100],"ix":6}},"ao":0,"shapes":[{"ty":"gr","it":[{"ind":0,"ty":"sh","ix":1,"ks":{"a":0,"k":{"i":[[-0.828,0],[-0.282,0.281],[0,0.397],[0.828,0],[0,-0.829]],"o":[[0.397,0],[0.281,-0.282],[0,-0.829],[-0.828,0],[0,0.828]],"v":[[11.5,-2.999],[12.561,-3.439],[13,-4.499],[11.5,-5.999],[10,-4.499]],"c":true},"ix":2},"nm":"Path 1","mn":"ADBE Vector Shape - Group","hd":false},{"ind":1,"ty":"sh","ix":2,"ks":{"a":0,"k":{"i":[[-3.864,0],[-1.313,1.311],[0,1.858],[3.863,0],[0,-3.869]],"o":[[1.854,0],[1.315,-1.313],[0,-3.869],[-3.864,0],[0,3.868]],"v":[[0,9.001],[4.946,6.954],[7,2.001],[0,-4.999],[-7,2.001]],"c":true},"ix":2},"nm":"Path 2","mn":"ADBE Vector Shape - Group","hd":false},{"ind":2,"ty":"sh","ix":3,"ks":{"a":0,"k":{"i":[[1.186,0],[0,2.453],[-2.467,0],[0,-2.453],[0.835,-0.834]],"o":[[-2.467,0],[0,-2.453],[2.467,0],[0,1.176],[-0.837,0.836]],"v":[[0,6.445],[-4.463,2.001],[0,-2.445],[4.463,2.001],[3.159,5.139]],"c":true},"ix":2},"nm":"Path 3","mn":"ADBE Vector Shape - Group","hd":false},{"ind":3,"ty":"sh","ix":4,"ks":{"a":0,"k":{"i":[[0,0],[0,0],[0,-1.104],[0,0],[1.104,0],[0,0],[0,1.104],[0,0],[-1.104,0],[0,0],[0,0],[-0.401,-0.001],[0,0],[-0.158,-0.366]],"o":[[0,0],[1.104,0],[0,0],[0,1.104],[0,0],[-1.104,0],[0,0],[0,-1.104],[0,0],[0,0],[0.157,-0.369],[0,0],[0.399,0],[0,0]],"v":[[9.808,-8.372],[14,-8.372],[16,-6.372],[16,11.001],[14,13.001],[-14,13.001],[-16,11.001],[-16,-6.372],[-14,-8.372],[-9.936,-8.372],[-8.22,-12.393],[-7.299,-12.999],[7.16,-12.986],[8.077,-12.383]],"c":true},"ix":2},"nm":"Path 4","mn":"ADBE Vector Shape - Group","hd":false},{"ty":"mm","mm":1,"nm":"Merge Paths 1","mn":"ADBE Vector Filter - Merge","hd":false},{"ty":"fl","c":{"a":0,"k":[0.301960784314,0.301960784314,0.301960784314,1],"ix":4},"o":{"a":0,"k":100,"ix":5},"r":1,"bm":0,"nm":"Fill 1","mn":"ADBE Vector Graphic - Fill","hd":false},{"ty":"tr","p":{"a":0,"k":[16,13],"ix":2},"a":{"a":0,"k":[0,0],"ix":1},"s":{"a":0,"k":[100,100],"ix":3},"r":{"a":0,"k":0,"ix":6},"o":{"a":0,"k":100,"ix":7},"sk":{"a":0,"k":0,"ix":4},"sa":{"a":0,"k":0,"ix":5},"nm":"Transform"}],"nm":"Group 1","np":8,"cix":2,"bm":0,"ix":1,"mn":"ADBE Vector Group","hd":false}],"ip":0,"op":375,"st":0,"bm":0},{"ddd":0,"ind":2,"ty":4,"nm":"Shape Layer 1","sr":1,"ks":{"o":{"a":0,"k":100,"ix":11},"r":{"a":0,"k":0,"ix":10},"p":{"a":0,"k":[-5.524,14.095,0],"ix":2},"a":{"a":0,"k":[0,0,0],"ix":1},"s":{"a":0,"k":[100,100,100],"ix":6}},"ao":0,"shapes":[{"ty":"gr","it":[{"ind":0,"ty":"sh","ix":1,"ks":{"a":0,"k":{"i":[[7.196,0],[0,-7.196],[-7.196,0],[0,7.196]],"o":[[-7.196,0],[0,7.196],[7.196,0],[0,-7.196]],"v":[[0,-13.03],[-13.03,0],[0,13.03],[13.03,0]],"c":true},"ix":2},"nm":"Path 1","mn":"ADBE Vector Shape - Group","hd":false},{"ty":"st","c":{"a":0,"k":[0.6627450980392157,0.6627450980392157,0.6627450980392157,1],"ix":3},"o":{"a":0,"k":100,"ix":4},"w":{"a":0,"k":1,"ix":5},"lc":1,"lj":1,"ml":20,"bm":0,"d":[{"n":"d","nm":"dash","v":{"a":1,"k":[{"i":{"x":[0.38],"y":[1]},"o":{"x":[0.71],"y":[0]},"t":6,"s":[2.4]},{"t":14,"s":[2]}],"ix":1}},{"n":"o","nm":"offset","v":{"a":0,"k":1,"ix":7}}],"nm":"Stroke 1","mn":"ADBE Vector Graphic - Stroke","hd":false},{"ty":"tr","p":{"a":0,"k":[19.524,-0.095],"ix":2},"a":{"a":0,"k":[0,0],"ix":1},"s":{"a":0,"k":[100,100],"ix":3},"r":{"a":0,"k":0,"ix":6},"o":{"a":0,"k":100,"ix":7},"sk":{"a":0,"k":0,"ix":4},"sa":{"a":0,"k":0,"ix":5},"nm":"Transform"}],"nm":"Ellipse 1","np":3,"cix":2,"bm":0,"ix":1,"mn":"ADBE Vector Group","hd":false}],"ip":0,"op":375,"st":0,"bm":0}],"markers":[]}